,RSS,_AktpT308_sf,_FourEBP1pT37_46_sf,_IRS1pS636_639_sf,_PI3K,_PRAS40pT246_sf,_S6KpT389_sf,_TSC2pT1462_sf,_kAktIn,_kAktOut,_kAktPhos_kcat,_kAktPhos_km,_kFourEBP1In,_kFourEBP1Out,_kFourEBP1Phos_kcat,_kFourEBP1Phos_km,_kIRS1ActBasal,_kIRS1Act_kcat,_kIRS1Act_km,_kIRS1In,_kIRS1Out,_kIRS1Out2,_kIRS1Phos_kcat,_kIRS1Phos_km,_kPI3KPhos_kcat,_kPI3KPhos_km,_kPras40In,_kPras40Out,_kPras40Phos_kcat,_kPras40Phos_km,_kS6KIn,_kS6KOut,_kS6KPhos_kcat,_kS6KPhos_km,_kTSC2Dephos,_kTSC2Phos_kcat,_kTSC2Phos_km,_kTSCIn,_kTSCOut,_kmTORC1LysToCyt,_kmTORC1Phos_kcat,_kmTORC1Phos_km,_kmTORC1cytToLys,_kmTORC1cytToLysBasal,_mTORC1cyt
0,2.0164,1.63621,0.939476,0.9599639999999999,99.345,1.47678,2.61421,0.392046,0.100005,0.707044,4.84136,0.8848600000000001,0.1,0.170993,0.761727,2.28896,0.224464,9.999239999999999,0.010004299999999999,0.9436049999999999,0.146275,0.130468,0.324689,9.53662,0.572298,0.100297,6.78343,0.100013,1.00006,9.999989999999999,0.100853,5.2026900000000005,2.7246,0.29229299999999997,1.2139,2.57871,7.771089999999999,1.27633,0.282538,0.834664,3.7860199999999997,1.57618,0.100006,0.25710700000000003,9.0071
1,2.01647,1.60734,0.941218,0.973978,8.60747,1.48701,2.62188,0.389201,0.10076399999999999,0.676108,5.55086,1.11944,5.29137,2.30595,0.396401,3.12485,0.100016,6.30894,0.863875,5.20865,1.55798,0.166011,0.737062,8.98447,0.961326,1.54275,6.61344,0.100002,1.02494,9.99998,0.803359,4.27056,0.972441,0.812311,0.7295689999999999,0.9508709999999999,8.77064,3.03709,0.220838,0.13256700000000002,5.29,0.5260739999999999,0.100327,9.883989999999999,5.520980000000001
2,2.01657,1.5731,0.9416040000000001,0.966883,15.8711,1.4927700000000002,2.6217599999999996,0.391288,0.1,0.45949399999999996,5.07979,1.5108700000000002,0.341737,9.85282,2.3424099999999997,0.683299,0.390629,2.03039,0.0100004,1.6248200000000002,0.3219,0.5423100000000001,0.703112,0.677956,1.61599,5.85376,6.56273,0.1,1.0452299999999999,10.0,0.45220200000000005,1.9805099999999998,0.567211,0.821116,1.1920899999999999,1.2822200000000001,6.562410000000001,2.56284,0.126249,9.47662,5.8886,0.776718,0.102552,1.43125,8.65214
3,2.0166,1.7494900000000002,0.940494,0.9896739999999999,36.6662,1.4629299999999998,2.64603,0.392368,0.100022,0.363086,6.53355,2.25508,0.115006,0.10006799999999999,0.817187,0.19525599999999999,0.10003200000000001,9.76153,0.0100244,10.0,9.99875,1.27165,1.5051,1.0494299999999999,0.6028399999999999,0.100035,6.87966,0.10000099999999999,0.939153,9.999989999999999,0.344968,0.101565,3.04334,9.71022,0.6288199999999999,0.8770040000000001,0.968577,0.10765799999999999,0.100204,0.10078,9.87624,0.100272,0.10022400000000001,0.152351,1.18521
4,2.0166,1.6346100000000001,0.9462510000000001,0.9730479999999999,7.873989999999999,1.48491,2.60481,0.39302800000000004,0.100007,0.312792,6.03299,2.57784,2.9962299999999997,0.10244,0.522713,0.16760899999999998,0.305027,1.31736,1.33026,3.02487,0.127116,1.88077,2.65101,0.775497,1.8999,0.567653,6.82005,0.10001499999999999,0.99902,9.999319999999999,2.70053,2.16862,1.7308,2.60003,0.625634,0.6545880000000001,4.87384,2.1747099999999997,0.1487,0.255984,4.68763,0.749768,9.99053,2.95483,1.66523
5,2.01674,1.5230299999999999,0.942608,0.970952,31.6301,1.49783,2.6251900000000004,0.39379699999999995,0.125865,0.533125,4.84284,1.6047,9.06632,0.140448,0.408182,6.139419999999999,0.723934,4.2693900000000005,0.010188899999999999,0.32361,0.104404,0.10373299999999999,0.12603399999999998,1.01442,0.671787,0.645818,6.49771,0.1,1.07392,9.99998,2.43852,0.8883770000000001,0.702443,1.9999900000000002,3.6755199999999997,5.85315,9.99975,1.7229700000000001,0.153373,0.109856,7.11897,0.194132,9.94635,9.81765,2.36637
6,2.0167599999999997,1.50796,0.9474440000000001,0.972995,14.3589,1.4994299999999998,2.58892,0.392433,0.100005,1.2092,4.06534,0.464183,1.24937,5.01243,5.93504,0.108144,0.235704,0.100018,0.010018899999999999,9.99977,0.100637,0.266703,0.254843,0.14341500000000001,3.3557099999999997,4.3285,6.5899399999999995,0.1,1.08217,9.99991,0.124001,0.487129,9.57672,0.295649,0.1,0.224881,2.84991,0.548693,0.317945,0.1,5.327999999999999,2.6038900000000003,9.94024,0.100256,0.10000099999999999
7,2.0167900000000003,1.55362,0.9417719999999999,0.969166,19.6887,1.49627,2.63429,0.394998,0.1,0.23265999999999998,5.2519599999999995,3.12549,2.4496,3.6536699999999995,0.754555,2.3254,0.734542,2.03185,0.0106318,4.0079400000000005,0.10612100000000001,3.1407599999999998,4.73038,2.82205,1.0977,1.67875,6.5400599999999995,0.100005,1.0507,10.0,0.43147299999999994,5.33635,1.84512,0.727287,0.583533,1.14536,9.99997,2.3722,0.325418,9.96343,5.05428,0.49055,2.6352,0.120225,5.95899
8,2.01683,1.5005,0.956335,0.971981,27.8767,1.5061799999999999,2.59933,0.395072,0.100035,0.8591840000000001,4.07517,0.658525,0.340202,0.1,0.638151,3.00521,0.20920999999999998,7.513889999999999,0.0114026,10.0,2.20787,0.9457700000000001,1.58578,2.56794,0.866132,0.10000099999999999,6.56988,0.10005700000000001,1.0928799999999999,9.99996,0.789555,0.414382,1.5777299999999999,6.46649,0.20258900000000002,1.02031,9.99987,0.928924,0.45288500000000004,9.49334,9.14612,1.1142100000000001,9.99778,9.93956,2.96674
9,2.01684,1.48371,0.9405209999999999,0.9674020000000001,20.9018,1.506,2.62935,0.396458,0.1,0.90364,3.8279699999999997,0.589164,3.20053,0.873117,0.35563,0.1,1.1878799999999998,0.19409,9.94365,9.99978,0.101288,1.3945100000000001,1.2758,0.458283,0.739137,0.112363,6.37257,0.100003,1.1089799999999999,9.99996,0.5896680000000001,6.2925699999999996,1.8610400000000002,0.36385300000000004,0.10001900000000001,0.134718,6.997839999999999,3.63489,0.285717,0.103939,3.53022,0.516329,0.10008600000000001,8.8091,2.59747
10,2.01685,1.56339,0.9473790000000001,0.969995,9.569989999999999,1.49919,2.60557,0.394922,0.13730799999999999,0.413155,6.03605,2.81035,8.97183,3.95685,2.7031400000000003,10.0,1.11808,2.0755,0.0125091,2.5838400000000004,0.815675,0.505997,1.2702,5.5275,0.634101,0.75785,6.56535,0.10000099999999999,1.04529,9.99985,0.14224,1.19766,1.1304299999999998,0.13073900000000002,0.103242,0.12961,6.122380000000001,3.0381,0.262114,0.1,2.34097,0.451108,9.74266,0.100303,1.75551
11,2.01707,1.49265,0.9451219999999999,0.9797290000000001,3.58554,1.51746,2.6154599999999997,0.391893,0.240696,0.500434,9.10379,6.74148,5.8396,0.103067,1.01801,6.625369999999999,0.797879,0.100552,9.7739,9.9966,0.10008600000000001,0.553742,0.52332,0.11581500000000002,1.37074,4.58934,6.71773,0.100003,1.0949799999999998,10.0,1.35436,1.9994299999999998,1.36283,0.258213,0.380756,0.387915,9.5912,5.33047,0.10000099999999999,0.5372399999999999,1.54261,0.10005399999999999,9.52399,0.101276,0.85116
12,2.01709,1.5119799999999999,0.9463309999999999,0.970096,69.0377,1.53125,2.60873,0.391683,0.103128,0.881697,7.8078,1.3762,0.226467,2.00137,2.16724,0.19751300000000002,0.81711,1.5849600000000001,0.0140624,2.41991,0.13003,1.75757,2.82607,2.53076,0.346568,0.10083400000000001,6.16237,0.1,1.11145,9.99992,0.184855,1.83266,4.21136,0.39641,0.9941200000000001,1.40669,8.76423,2.70332,0.20423,6.056369999999999,3.17987,8.29515,9.99894,9.88852,1.34301
13,2.0171099999999997,1.48337,0.935157,0.9656399999999999,20.8788,1.51375,2.65611,0.3917,0.10000099999999999,0.312158,4.032369999999999,1.80867,0.392451,0.175713,1.32441,7.492319999999999,0.782107,2.4710099999999997,0.0170156,2.5632,0.374792,1.1455799999999998,1.2830700000000002,0.6637310000000001,1.13937,0.138009,6.62502,0.1,1.09651,10.0,0.188578,1.58474,1.59998,0.44454099999999996,1.23006,1.56492,5.116219999999999,1.60771,0.151291,1.49546,2.3827599999999998,0.423171,3.40551,0.101276,3.00575
14,2.01714,1.58044,0.93815,0.9709700000000001,1.9784099999999998,1.5180200000000001,2.63124,0.387635,0.1,0.9987719999999999,8.069989999999999,1.16149,5.45714,3.4599800000000003,3.07899,0.449087,2.23815,0.9784940000000001,0.0100109,2.29373,0.262282,1.4299899999999999,1.74942,2.14492,0.209116,0.202905,6.33285,0.10001900000000001,1.04916,10.0,0.10516700000000001,0.35525100000000004,5.08103,0.27428600000000003,0.285607,0.429696,2.79196,0.7173229999999999,0.22233499999999998,9.45064,1.4364,2.67705,0.454243,0.100024,5.73782
15,2.01714,1.41299,0.945559,0.975126,29.6709,1.5219,2.57607,0.395864,0.122654,0.382689,5.23745,2.59758,2.48406,1.4085,0.893275,2.1354900000000003,2.34007,10.0,0.0108208,9.91742,0.109169,0.601179,0.576738,0.670567,0.21338800000000002,0.10001399999999999,6.57178,0.1,1.15937,9.99956,1.08343,3.07835,2.35265,1.56546,2.1322,2.83002,9.20924,2.6541099999999997,0.130634,9.11463,5.95655,4.78472,9.91849,3.00374,2.34259
16,2.01715,1.6619400000000002,0.942342,0.966511,4.42235,1.48576,2.62773,0.414596,0.170431,0.655842,5.75256,1.9288599999999998,9.999410000000001,4.18544,1.4470100000000001,0.24510700000000002,0.40529899999999996,9.388639999999999,0.0110374,6.82315,0.609696,1.45518,1.72423,1.79587,0.5855229999999999,0.154947,6.9588,0.1,0.982146,10.0,0.35531,4.86751,3.3912699999999996,0.100004,0.100007,0.261684,6.90533,2.62629,0.8587520000000001,0.7790819999999999,3.23342,2.7079,0.30786199999999997,0.10628599999999999,1.23561
17,2.01721,1.45258,0.9401889999999999,0.965894,3.0588599999999997,1.5216,2.63478,0.394963,0.149525,0.696857,4.73726,1.50105,0.154791,0.71641,1.30129,0.100213,1.18614,1.86995,9.979560000000001,9.999989999999999,0.1,1.11119,1.0344799999999998,0.9126290000000001,2.57275,9.82817,6.5651600000000006,0.100006,1.12371,9.99995,0.455719,7.00581,8.97205,0.533987,0.789841,1.0336299999999998,6.6580699999999995,2.45626,0.17563399999999998,9.99995,1.25271,0.26443,0.10001499999999999,9.79203,0.906537
18,2.0173400000000004,1.70807,0.9398639999999999,0.9693950000000001,8.75259,1.48484,2.63737,0.398592,0.100036,0.973925,4.25433,0.518756,5.62373,2.8892700000000002,1.14248,3.15948,1.6820700000000002,0.10131,10.0,3.9225,0.977698,1.13154,1.6231,2.06665,1.40204,4.51359,7.44429,0.1,0.928637,9.99955,0.637332,0.5381199999999999,1.37856,2.21999,0.100005,0.22807800000000003,9.09073,2.35071,0.525137,3.76904,4.61285,1.13392,0.100603,9.60469,2.16646
19,2.0173400000000004,1.4123299999999999,0.9492309999999999,0.961325,2.87525,1.52768,2.61052,0.394977,0.12485,0.46994600000000003,4.75497,1.93313,9.99969,0.1,5.29364,7.0347,0.41813100000000003,9.99855,0.021348500000000003,9.8838,1.01765,0.479973,0.548949,1.7740099999999999,2.36849,9.9987,6.48789,0.1,1.15814,9.99998,1.1707299999999998,0.8770309999999999,7.089060000000001,0.450763,1.8769999999999998,3.3664,1.7318799999999999,0.182644,0.1,7.04367,9.30006,1.74702,0.529697,0.594249,0.157409
20,2.0173799999999997,1.44797,0.95183,0.972999,16.4264,1.52525,2.56198,0.391232,0.1,0.9660489999999999,3.6886699999999997,0.542111,0.333597,1.4958,5.58252,0.1,0.190551,0.849023,0.010600700000000001,5.63086,1.0253,0.21159,0.380038,1.0333,3.93425,3.8301,6.48346,0.10000099999999999,1.12917,9.99948,0.15895399999999998,1.32891,9.999989999999999,0.175573,1.36324,2.5361599999999997,3.02427,0.46964300000000003,0.17285899999999998,9.99275,1.63059,1.96174,9.40275,0.452696,0.320766
21,2.0175,1.4955399999999999,0.9503149999999999,0.968562,71.3686,1.52187,2.59758,0.41324700000000003,0.100017,0.36643400000000004,9.76248,4.10886,8.9842,0.1,3.1756599999999997,9.99727,0.9137780000000001,0.46643900000000005,0.797629,4.65495,0.2679,2.87256,9.68347,9.76337,0.390043,9.998660000000001,6.40179,0.10000099999999999,1.10531,9.99947,1.71755,2.54556,3.5682199999999997,0.100884,0.16761800000000002,0.16598,9.99975,10.0,0.10003,0.100002,8.190539999999999,2.47265,0.100135,9.92855,0.134051
22,2.0175099999999997,1.46056,0.949267,0.9710489999999999,5.26399,1.51896,2.61191,0.392514,0.10000099999999999,0.986505,3.6729,0.520573,3.9401599999999997,2.76768,6.692480000000001,9.77252,2.44499,0.103307,0.0100019,5.0923300000000005,0.48903,2.42168,2.60363,1.5387600000000001,0.876134,2.43628,6.55283,0.1,1.10202,10.0,0.778977,0.705225,4.92735,4.842219999999999,3.9262599999999996,6.45315,2.84021,0.334312,0.10426500000000001,7.998819999999999,4.86108,1.59299,2.92473,2.68357,1.25302
23,2.0175400000000003,1.9748900000000003,0.93829,0.969276,7.43708,1.46373,2.64965,0.39062600000000003,0.225307,0.42668100000000003,9.09079,5.40181,9.9438,3.9086,0.865966,0.8952469999999999,0.80599,0.1,0.010063299999999999,9.88771,1.0177399999999999,2.8765400000000003,3.82445,1.24213,1.39462,0.183365,6.884189999999999,0.1,0.8199690000000001,9.99954,0.9445469999999999,1.4397,1.53454,0.7700819999999999,1.0905200000000002,0.973247,9.15645,3.60606,0.156949,0.10004,2.2785900000000003,0.7252890000000001,0.538362,9.93764,1.30792
24,2.01756,1.44265,0.9383969999999999,0.9930200000000001,7.96957,1.5123,2.63332,0.411167,0.105126,0.560966,3.8957800000000002,1.0472299999999999,0.329847,0.534377,1.60532,0.293563,0.6270560000000001,0.10606199999999999,9.99664,0.327797,0.1,0.10217899999999999,0.22613000000000003,1.7746,2.12845,3.84335,6.19787,0.100006,1.1326200000000002,9.99997,0.457818,1.08081,3.3763900000000002,0.77358,0.100038,0.285418,9.99837,3.53261,0.745795,8.6983,0.870207,0.473075,9.999080000000001,0.100018,0.9454600000000001
25,2.01759,2.13005,0.947498,0.9666100000000001,91.6621,1.4497200000000001,2.55832,0.38921500000000003,0.1,1.11427,5.4450199999999995,0.470646,3.0670900000000003,4.19541,5.78724,0.10000099999999999,0.453151,0.130991,6.99195,5.70021,0.21474899999999997,0.372278,0.36933,0.34657899999999997,2.4750400000000004,9.96577,7.25741,0.1,0.766551,10.0,0.271004,1.55483,10.0,0.151997,1.3887399999999999,1.11885,1.92907,0.5479510000000001,0.101424,9.99987,0.312055,0.10921700000000001,0.134744,0.100022,0.6808609999999999
26,2.01762,2.05623,0.94619,0.967158,99.999,1.46315,2.60609,0.391453,0.119861,0.46315500000000004,6.60565,1.7821200000000001,3.6558,0.100011,1.1809399999999999,4.00689,1.8785,0.100623,0.010679899999999999,5.59774,2.53419,0.450164,1.17222,6.11187,0.878383,9.97198,7.06923,0.100002,0.791817,9.99803,0.21316999999999997,0.286285,1.68155,0.349331,4.47926,4.6733400000000005,9.42815,1.7232299999999998,0.12381800000000001,0.10000099999999999,2.77661,0.274267,9.999989999999999,9.99978,0.70592
27,2.01764,1.58392,0.941249,0.972692,13.6427,1.5135,2.58335,0.402235,0.100002,0.951069,9.719289999999999,1.47054,5.2352099999999995,0.100002,0.360616,9.999139999999999,9.993730000000001,9.99973,0.010472,9.99986,0.102631,3.3659,3.24112,2.0455099999999997,0.101217,9.99966,6.69145,0.100004,1.01896,9.99997,0.8163630000000001,1.08836,0.376579,0.123677,0.100004,0.174875,10.0,4.22003,0.473263,9.99998,9.99959,0.10003,3.91375,0.157995,2.96978
28,2.01766,1.4707299999999999,0.9354610000000001,0.9736950000000001,96.1,1.52446,2.66175,0.399213,0.103154,1.2243700000000002,9.99956,1.3156700000000001,1.27185,0.967397,4.2877,0.9146770000000001,1.8758099999999998,2.51395,0.010000299999999998,9.99998,0.104274,1.13835,1.03795,0.626888,0.100327,0.100026,6.61805,0.100031,1.09799,10.0,0.18525899999999998,0.38204699999999997,7.98097,0.874495,0.29365399999999997,1.40655,4.89864,0.369189,0.334729,3.61879,1.2360200000000001,0.170649,0.390437,2.13111,0.332478
29,2.01768,1.47997,0.9517389999999999,0.9723860000000001,4.0999099999999995,1.5259200000000002,2.60983,0.38843,0.202238,0.511057,6.26414,3.67311,3.77869,9.99997,5.75157,3.40259,3.89954,0.101268,0.016674400000000002,9.2522,0.784609,5.98674,7.9720699999999995,4.5277,1.09388,9.9857,6.89503,0.10000099999999999,1.08274,9.99981,1.46425,1.2125,1.8207900000000001,2.3549599999999997,0.33546,0.451246,5.94381,2.1305,0.21001,0.10061200000000001,5.48423,1.7224,0.142493,0.224669,1.54312
30,2.0177099999999997,1.4621600000000001,0.943933,0.9944209999999999,0.842412,1.5275299999999998,2.63678,0.390768,0.100575,1.1173600000000001,7.96484,1.1125200000000002,9.266739999999999,0.1,4.7236,9.99957,0.638108,9.99992,0.0100001,9.99059,0.10678,0.662767,0.610726,0.1,2.51263,9.999880000000001,6.37058,0.100096,1.11258,9.9999,0.101326,0.126592,5.38887,0.10281099999999999,1.2258799999999999,4.32805,10.0,0.958478,0.290788,2.73732,1.72707,0.8205450000000001,0.10296300000000001,0.10000099999999999,0.5693090000000001
31,2.01776,1.54651,0.9344020000000001,0.969973,10.3966,1.48465,2.58867,0.425277,0.186273,0.786456,4.72204,1.51465,1.11911,2.21107,2.44612,0.136743,0.301195,1.32594,2.47147,9.99883,0.104399,0.22402399999999997,0.211948,0.10004,1.7332599999999998,0.100149,6.63415,0.1,1.04092,10.0,0.112755,0.188921,4.63376,0.730655,0.10000099999999999,0.900999,9.999319999999999,1.31545,1.22393,0.564268,1.6847900000000002,2.51355,0.25753200000000004,0.100267,3.02564
32,2.01777,1.41029,0.941433,0.965887,93.2913,1.53251,2.6240200000000002,0.391289,0.100002,1.47221,3.39459,0.331277,0.346407,9.12838,5.42288,1.0917,0.633076,5.901730000000001,0.0107113,6.30501,6.197080000000001,0.442896,0.8582270000000001,2.99126,1.31598,9.999839999999999,6.716069999999999,0.100003,1.13883,9.99991,0.433787,0.811107,1.4779799999999998,3.46201,2.2378299999999998,2.75179,6.53792,1.84332,0.10001499999999999,5.790369999999999,4.52517,4.58085,0.8300040000000001,0.139532,7.63738
33,2.01779,1.53519,0.941005,0.970658,97.7855,1.4943899999999999,2.60575,0.427482,0.1,0.647658,4.09072,0.844843,9.98639,1.12219,6.895160000000001,3.24375,0.879036,4.6867,0.010722,9.99886,0.7684770000000001,1.3800700000000001,1.50935,1.65418,0.70904,0.10296099999999998,6.48736,0.100025,1.0624799999999999,9.999989999999999,0.34567600000000004,2.19265,9.9934,0.133232,0.100002,0.929969,1.69982,0.0513953,0.285765,3.2881099999999996,1.07938,0.169301,1.20955,9.999939999999999,9.999989999999999
34,2.0178,1.45923,0.9449870000000001,0.98016,88.5258,1.5442200000000001,2.61036,0.395279,0.12268399999999999,1.22799,9.99918,1.57479,7.121389999999999,0.110122,0.682858,9.871039999999999,0.41418299999999997,0.273384,0.278814,1.11246,0.1,0.6150260000000001,4.16539,10.0,0.47014300000000003,0.100006,6.578010000000001,0.10000099999999999,1.11846,9.99986,6.65751,5.94474,2.0939900000000002,2.53709,0.682327,1.86755,9.96973,1.5721,0.332987,9.79157,9.252460000000001,0.418871,0.283496,0.262285,1.7601900000000001
35,2.01783,1.44801,0.945599,0.9658899999999999,2.33606,1.53154,2.6233299999999997,0.41129399999999994,0.128889,1.08187,9.59421,1.8051700000000002,2.12961,2.50627,0.6370140000000001,1.21507,0.11948800000000001,9.59875,0.0195524,9.90018,0.5849489999999999,0.10385,0.100064,0.221256,0.195028,0.101156,6.14187,0.10008500000000001,1.1354799999999998,9.99901,0.190521,0.7162029999999999,0.840442,0.518339,0.1,0.296901,9.99853,3.2439,0.720299,0.10015700000000001,8.84422,8.20899,9.99996,9.72904,4.28547
36,2.0179099999999996,1.38306,0.943267,0.9695959999999999,11.3294,1.54926,2.60212,0.39663000000000004,0.17248,0.454979,4.2916099999999995,2.49191,0.5296930000000001,7.10142,4.71791,0.11503499999999998,1.7850700000000002,1.2135,3.7461599999999997,4.14332,0.668428,1.5947,2.62235,4.20823,0.691578,0.446878,5.91818,0.100115,1.1972,9.99993,0.496396,1.36533,6.22936,0.769546,0.258253,2.38216,9.9052,0.409688,0.369703,0.906935,2.96145,1.3121399999999999,0.152252,0.369367,1.01617
37,2.01793,1.44241,0.950925,0.991293,99.9987,1.53728,2.6263400000000003,0.393386,0.1,1.06111,3.23964,0.42001499999999997,0.338057,0.105897,0.5529069999999999,0.100003,0.10328699999999999,4.9162099999999995,0.0100324,9.999889999999999,10.0,0.23993299999999998,0.410811,1.69851,2.14066,0.924953,9.9999,0.100003,1.0741,9.999939999999999,2.0185400000000002,6.30294,8.0623,4.0205,1.70317,2.24788,2.29645,0.501969,0.108905,0.10026900000000001,6.801139999999999,0.10000099999999999,0.100026,0.9490379999999999,1.5857700000000001
38,2.01797,2.04487,0.9430790000000001,0.972389,15.5607,1.44354,2.57519,0.41861499999999996,0.1,0.8996719999999999,6.44102,0.743482,5.43738,0.100151,7.63577,9.99845,0.776307,0.100007,9.64255,9.99981,0.10572000000000001,8.66718,9.99998,0.69311,3.14255,9.99987,6.831119999999999,0.100008,0.793133,9.99998,1.75396,2.72567,8.089260000000001,0.109725,0.100073,0.170598,1.93167,0.991777,0.808816,7.08944,3.36199,3.10533,1.9941099999999998,1.28892,0.355724
39,2.01799,1.53355,0.943206,0.9761209999999999,39.8269,1.52219,2.59682,0.407765,0.248085,0.49623,9.99964,7.42215,1.76755,1.3704399999999999,1.4487299999999999,5.4084900000000005,0.103377,0.121019,0.0100708,2.91503,0.194874,0.873138,6.80695,2.14456,5.06997,0.10001,6.455430000000001,0.100009,1.0502799999999999,9.999989999999999,0.247802,1.1100700000000001,1.42264,0.836966,0.13886199999999999,0.19547799999999999,9.98933,5.69969,0.367111,9.95682,1.0496299999999998,0.77391,1.13237,2.50972,4.05109
40,2.0180000000000002,2.06281,0.9459219999999999,0.9713459999999999,3.8013800000000004,1.47615,2.6291900000000004,0.390017,0.15400899999999998,0.302879,9.971919999999999,5.5278,0.81704,0.199804,3.62079,8.810210000000001,1.5981299999999998,1.5785799999999999,0.0163424,8.26535,10.0,0.105092,0.41124399999999994,6.07894,1.18688,0.1,7.3644300000000005,0.1,0.783509,10.0,0.117441,0.459534,3.6772,0.49520299999999995,2.58818,2.35398,6.49989,1.63386,0.118078,9.78129,3.51013,4.61676,1.63237,0.533518,1.15808
41,2.01803,1.50736,0.9433969999999999,0.960384,100.0,1.53226,2.61499,0.393798,0.10000099999999999,1.55219,9.99845,0.972305,9.95898,0.100004,0.333556,9.15821,2.60652,5.69386,0.010000499999999999,9.99,9.99956,0.1,0.277495,9.9878,0.1568,0.122205,6.59094,0.1,1.06267,10.0,2.07475,2.5647599999999997,0.430673,0.242254,0.273445,0.347926,7.9283600000000005,3.31805,0.214614,9.91146,9.99295,0.12976600000000002,9.90044,7.571789999999999,2.93036
42,2.01805,1.46157,0.9396370000000001,0.977345,2.44518,1.54396,2.63522,0.39436,0.185533,0.796879,4.66978,1.58548,6.74492,0.308311,1.38791,1.06285,0.373818,0.1,9.99963,9.99592,0.274449,5.7182,7.425960000000001,0.186599,9.06405,0.342969,6.4746,0.100012,1.1067,9.999889999999999,0.563279,1.1337,2.61793,0.404262,0.7304039999999999,2.0701400000000003,9.931560000000001,1.43553,0.323013,0.1,4.64659,0.95021,9.943660000000001,0.125025,0.558631
43,2.0180599999999997,1.5449700000000002,0.9422950000000001,0.973658,96.2129,1.50406,2.58961,0.42405299999999996,0.132772,0.955825,9.61934,1.96777,2.87338,1.69357,1.05948,3.91626,2.83616,4.0829,0.01,9.99997,0.10013,0.729705,0.691386,0.772928,0.100647,0.100106,6.59397,0.10000099999999999,1.04674,9.9997,0.246108,5.345680000000001,2.2850900000000003,0.25822,0.100218,0.165442,10.0,9.049610000000001,0.785794,1.02696,1.0702,3.55657,0.1,0.115898,9.99738
44,2.0181400000000003,1.35317,0.986124,0.9655520000000001,8.164069999999999,1.54755,2.55912,0.395785,0.21043499999999998,0.618084,4.0261,2.1480599999999996,0.42838100000000007,10.0,0.753007,0.100018,0.48958199999999996,5.87589,0.0100001,9.966000000000001,0.1,0.755278,0.728645,0.277192,0.925108,0.689001,6.340330000000001,0.1,1.21449,9.99978,2.49294,3.2657,1.14605,3.0026200000000003,1.07955,1.7909,9.99836,2.82804,0.20942399999999997,0.24856399999999998,5.262980000000001,0.284627,9.98453,1.3532600000000001,4.19374
45,2.01821,1.45635,0.9373309999999999,0.9708389999999999,50.2006,1.54509,2.58886,0.369677,0.206583,0.743366,9.999989999999999,4.45054,0.10002899999999999,0.788506,4.56139,0.100012,2.16342,10.0,0.010009,9.99986,0.954834,2.15354,2.34412,2.89755,0.13634200000000002,0.10087,6.3453599999999994,0.100002,1.13353,9.99976,0.32099099999999997,3.04813,9.99916,0.27597,0.198963,0.22449499999999997,10.0,3.0070099999999997,0.10000099999999999,9.87522,0.42473500000000003,8.58088,1.04231,0.1,3.25897
46,2.0182599999999997,1.41727,0.9498629999999999,0.988983,96.7736,1.54598,2.6252299999999997,0.39982199999999996,0.126079,0.703705,3.6878699999999998,0.9551620000000001,1.78583,9.76931,2.43172,0.10000099999999999,1.3592899999999999,0.23820700000000003,0.010051899999999999,10.0,6.63692,0.32526900000000003,2.0467400000000002,9.99645,1.6294899999999999,0.102254,6.27003,0.100006,1.14349,10.0,2.07015,1.8708900000000002,4.8520199999999996,2.02947,0.953824,5.4442,3.3673,0.0639249,0.1,0.100011,5.94039,0.16056900000000002,9.65579,0.10186100000000001,0.440567
47,2.01841,1.4602600000000001,0.945889,0.970794,17.8418,1.50871,2.6057200000000003,0.43686,0.166153,0.47641000000000006,4.93802,2.52923,1.70521,0.43866499999999997,1.02262,8.624460000000001,0.48686899999999994,0.10538900000000001,0.010004,9.98927,0.10007100000000001,0.19895,0.186816,0.147727,1.9322599999999999,9.94755,6.66033,0.10000099999999999,1.12009,9.999830000000001,1.12947,3.2832800000000004,2.4272299999999998,2.0712099999999998,0.100002,0.648559,9.99894,2.73075,1.58946,0.139497,5.45362,2.64676,9.98508,0.207775,4.075480000000001
48,2.01858,1.36341,0.942436,0.9789329999999999,56.7727,1.5731600000000001,2.60685,0.393961,0.351931,0.795312,5.44191,3.8987199999999995,4.26981,9.177999999999999,7.92668,9.629480000000001,1.40985,0.10793399999999999,0.09894960000000001,10.0,1.3781700000000001,0.41053100000000003,0.396458,0.10003300000000001,0.8956299999999999,9.99995,6.5517199999999995,0.1,1.19782,9.99881,1.45367,1.15011,1.2209999999999999,2.67861,1.85589,2.56523,9.99877,2.83034,0.12977,9.99982,3.05608,0.569973,9.97262,0.1,2.4746599999999996
49,2.01861,1.3614,0.950788,0.9730059999999999,0.47124799999999994,1.5604200000000001,2.61266,0.395318,0.10357899999999999,0.919117,9.9998,1.91927,1.8905299999999998,1.7258799999999999,2.70571,3.64056,0.36965,1.27209,0.0976178,1.78198,0.1,0.9745719999999999,1.0098200000000002,0.26750799999999997,9.999260000000001,9.99993,6.00307,0.100026,1.19498,9.9997,1.07336,1.29256,6.46082,7.21442,0.546871,2.31123,9.99959,1.01054,0.352143,8.05395,2.06826,0.474138,2.32859,0.256986,2.16276
50,2.01867,1.2877100000000001,0.941219,0.9717469999999999,99.6908,1.55017,2.6124400000000003,0.39059299999999997,0.100005,0.771135,9.9998,2.31092,9.99445,5.49768,2.44603,0.135348,0.480493,10.0,0.0100001,2.74045,0.42397799999999997,1.00429,2.1210400000000003,6.846260000000001,0.1,0.1,6.32437,0.10001399999999999,1.2394399999999999,9.9989,0.273075,0.46924499999999997,4.543480000000001,0.485397,0.151597,0.176979,5.58776,2.90758,0.1,0.121174,0.6026199999999999,0.15584800000000001,9.97546,9.9998,0.221781
51,2.01868,1.37434,0.9347280000000001,0.9797520000000001,59.0185,1.56177,2.62262,0.395631,0.19879000000000002,1.12202,4.9046,1.3598700000000001,4.0759300000000005,1.52538,0.8481299999999999,0.260083,2.31839,0.10893699999999999,9.99993,5.22366,3.06353,0.351209,1.31184,9.99339,0.55693,4.13978,9.99992,0.100006,1.11185,9.9998,0.634166,0.294496,2.07464,3.11558,3.8419,6.48726,6.34061,1.00783,0.12921,9.14684,5.59992,0.867083,0.20716500000000002,0.838614,1.28525
52,2.01887,1.41067,0.944926,0.968909,61.0201,1.51935,2.6361,0.43116400000000005,0.165382,0.785051,4.00162,1.23623,1.96068,1.07074,0.43384300000000003,0.7927609999999999,0.19396,2.06714,0.010004899999999999,7.72818,0.312396,2.70148,5.6664,1.86815,2.62898,0.14837999999999998,6.53641,0.1,1.1350200000000001,10.0,2.25276,2.67935,2.40441,5.27989,0.100024,0.351138,4.96068,2.22073,1.18108,8.43717,7.04138,3.5954800000000002,1.56314,1.35669,7.831810000000001
53,2.01891,1.31697,0.945702,0.9461639999999999,4.52159,1.55403,2.7553400000000003,0.389387,0.232681,0.922918,4.05486,1.6654,4.13587,9.98253,2.6219099999999997,3.03493,0.914942,0.1,0.0108787,9.98729,0.10054199999999999,1.8866900000000002,1.64153,0.613837,3.11928,9.21671,7.2575899999999995,0.100006,1.20876,10.0,0.47832600000000003,7.112360000000001,2.72425,0.441717,2.03328,2.7303900000000003,9.81097,2.84733,0.1,9.981689999999999,6.2388900000000005,1.27292,0.10001900000000001,7.11257,2.8934599999999997
54,2.0190099999999997,2.03114,0.945176,0.9679700000000001,6.277,1.44055,2.5903400000000003,0.439381,0.100002,0.9787819999999999,6.30184,0.667417,2.8686599999999998,0.882525,1.43307,9.333960000000001,0.914549,6.884469999999999,0.051577599999999994,1.45492,0.41926599999999997,0.397298,0.861353,6.47325,0.8916780000000001,3.91315,7.15225,0.100017,0.796665,9.999839999999999,1.24111,1.75525,2.10902,3.03329,0.10000099999999999,0.81055,5.8440900000000005,1.0459,1.9452900000000002,2.74612,7.258960000000001,0.657712,0.176201,1.27715,6.18878
55,2.01904,1.37478,0.950701,0.9650139999999999,1.66405,1.56623,2.60117,0.397335,0.184024,0.618159,4.55931,2.08733,10.0,4.18878,1.2075799999999999,0.179862,0.9616030000000001,0.1,9.999989999999999,7.22386,2.42152,0.55806,2.97218,9.99738,9.9987,8.52052,9.9999,0.1,1.1050799999999998,9.99985,1.1129,2.46599,2.57051,0.50468,0.281929,0.345886,9.998619999999999,4.97272,0.15129,0.12833,3.5003,2.34132,0.10000099999999999,1.05755,0.669608
56,2.01905,2.09036,0.9494870000000001,0.961414,15.331,1.4298799999999998,2.62126,0.438091,0.113739,0.600869,7.4138399999999995,1.4453799999999999,2.26088,0.382467,1.12857,9.97306,0.93106,2.57497,9.69352,4.04036,0.100007,3.3916199999999996,10.0,9.95068,1.10909,6.9003,7.0804100000000005,0.10000099999999999,0.775001,9.99992,0.369283,8.14856,4.37502,0.387342,0.1,0.19748,7.46858,6.86125,1.83245,0.100037,2.90259,2.71394,0.112721,9.411710000000001,2.81229
57,2.01915,1.27604,0.9619530000000001,0.9709620000000001,98.8843,1.57606,2.56366,0.391861,0.1,0.47848199999999996,2.7161,0.8780129999999999,9.02341,9.991060000000001,5.10611,3.6501,1.1837,4.63919,0.016099000000000002,3.54728,1.3139399999999999,0.40949,0.7497229999999999,4.1782,1.31449,9.897110000000001,6.33574,0.1,1.2697,9.998460000000001,3.19617,2.15632,4.59468,4.81431,1.8334,2.45074,9.12908,2.83434,0.1,0.10084299999999999,1.99732,0.688543,3.82599,0.23772600000000002,0.761651
58,2.01924,1.40035,0.95352,0.9632149999999999,0.21636999999999998,1.5668,2.60853,0.390871,0.1,1.25417,9.999369999999999,1.30116,0.348261,0.10001,6.50286,2.9494,0.10005599999999999,0.100363,0.025133799999999998,2.6486,0.287233,0.25951,0.351319,0.285196,9.97301,0.692589,6.376180000000001,0.100105,1.1304,9.999989999999999,0.1,0.16512000000000002,10.0,0.992624,0.289852,0.942657,1.87287,0.078198,0.109127,4.29334,1.87441,0.366379,8.21746,0.980966,0.223727
59,2.01945,1.30148,0.939082,0.98383,75.8757,1.57933,2.61951,0.420521,0.1,0.837037,9.9988,2.13645,1.3275,0.48986999999999997,3.83693,7.2799,0.39592,9.87764,9.99663,4.1516,0.411621,1.24146,1.43581,0.72356,0.182144,0.102783,6.67851,0.100004,1.2517399999999999,9.99854,0.23315300000000003,0.667954,4.30879,0.983434,0.10001499999999999,0.376064,10.0,3.37715,0.874025,0.519336,0.809187,0.9451870000000001,4.1742,10.0,1.12065
60,2.01955,1.34334,0.9535600000000001,0.984188,2.2517400000000003,1.55049,2.58739,0.430342,0.166158,0.522562,4.61414,2.3201,2.31803,0.1,1.53716,5.72569,2.4409,6.58622,0.016009100000000002,9.991019999999999,9.83035,0.385772,0.5346989999999999,2.33612,0.97439,1.62002,6.47802,0.1,1.20076,9.99981,4.07565,5.89145,9.89499,4.48382,0.1,0.358344,5.28656,2.2509900000000003,1.07457,7.34099,2.9260099999999998,1.08697,1.77941,0.100094,1.53787
61,2.01957,1.29608,0.942583,0.953736,0.5185029999999999,1.57384,2.6741,0.38814099999999996,0.151866,1.42911,6.18567,1.12189,9.9963,0.100005,0.507576,9.37153,0.967065,9.99854,9.99991,1.4547299999999999,0.20455299999999998,0.1,0.14103800000000002,4.47701,10.0,9.98038,6.57682,0.10000099999999999,1.21654,9.9973,5.35454,9.99729,9.99134,10.0,0.7670640000000001,1.53596,9.99997,2.27762,0.243248,8.886519999999999,9.99066,0.241182,9.973360000000001,6.28892,1.87244
62,2.0197599999999998,1.30369,0.957145,0.973535,0.199485,1.61143,2.59673,0.39622399999999997,0.101175,1.0287600000000001,9.999839999999999,1.76075,6.36345,0.10094700000000001,2.87022,0.361698,1.17083,0.1,0.20418599999999998,9.619,0.187029,3.2655,3.13975,0.9293290000000001,9.99738,7.67877,6.56981,0.100005,1.25086,9.995280000000001,0.447747,7.2095,8.67021,0.113847,2.20161,3.1633299999999998,6.0239,1.48326,0.10755899999999999,9.69387,0.85639,0.396122,0.25095700000000004,0.100124,0.533821
63,2.01988,1.3010700000000002,0.9508790000000001,0.9745530000000001,0.378062,1.60971,2.6029,0.399383,0.100132,1.4728,9.998380000000001,1.21086,3.2932900000000003,9.998560000000001,1.6675,0.672361,0.24416300000000002,4.46725,0.0104018,0.332423,9.99709,0.1,0.6471399999999999,7.55837,9.9942,9.99976,5.91395,0.1,1.26295,10.0,0.10588900000000001,0.729733,1.10007,0.126992,0.25608200000000003,0.474025,3.89606,1.14541,0.251029,0.100006,5.73415,0.413578,0.1,6.7357,1.58056
64,2.01992,1.2500799999999999,0.951908,1.00061,56.0092,1.59504,2.57018,0.39761199999999997,0.372823,0.82429,4.90066,3.89465,3.66221,9.99587,1.08677,0.581014,0.1,3.72188,0.0100432,1.15375,9.89522,0.28933400000000004,0.784195,2.27867,2.5234099999999997,9.99912,6.421869999999999,0.100012,1.2956,9.98599,3.17472,4.26583,5.66659,8.48048,1.33507,2.56235,7.82528,1.77105,0.19284400000000002,9.999989999999999,9.78691,2.32869,9.10401,7.565739999999999,2.1524099999999997
65,2.01995,1.45739,0.93971,0.97515,100.0,1.52345,2.6071400000000002,0.44160699999999997,0.100716,0.465683,3.72641,1.1223,1.09499,9.15297,1.8858099999999998,0.1,9.99443,0.11398299999999999,0.0140583,0.34968499999999997,0.10170499999999999,0.221597,0.290071,4.9548,0.325193,0.102533,6.522069999999999,0.1,1.08734,9.999939999999999,1.7451,4.333480000000001,5.6826,1.65363,0.100002,2.02347,5.34506,0.306167,1.15077,3.26326,9.884830000000001,1.5391299999999999,0.135824,1.01616,4.00089
66,2.01995,1.31287,0.9604379999999999,0.967198,0.30346799999999996,1.5927799999999999,2.52648,0.394328,0.144975,0.833887,9.99982,3.0497099999999997,1.7430299999999999,7.07372,6.87369,0.10928900000000001,0.30078699999999997,0.100414,0.0348981,1.95616,0.138219,0.936574,1.59217,1.07261,9.99938,2.5959,9.99442,0.10015800000000001,1.1605,9.99789,0.100135,0.191521,9.99971,0.5384899999999999,3.35459,8.50793,2.5310799999999998,0.158581,0.100228,7.10654,0.531133,0.974504,0.71807,0.1,3.73676
67,2.02048,1.2726600000000001,0.944838,0.996442,84.0004,1.5801100000000001,2.56695,0.429605,0.1243,0.706696,9.9983,3.20595,2.3407299999999998,0.100031,2.6231,9.99976,1.60865,0.100018,0.6250220000000001,3.07252,1.70665,0.165262,0.784191,9.967369999999999,0.158721,0.100066,5.81776,0.100117,1.28278,10.0,0.378754,1.1112799999999998,2.50062,0.10000099999999999,0.11503900000000002,0.661609,9.99429,2.26684,0.9682729999999999,2.21132,2.6919,4.24263,0.100002,0.22179899999999997,3.5558
68,2.02049,1.46033,0.939759,0.968059,4.3687,1.5123799999999998,2.61974,0.46018000000000003,0.110518,0.7609,4.219930000000001,0.871359,0.1,0.19431099999999998,0.9697129999999999,0.55286,0.890325,0.10005499999999999,9.938080000000001,1.18471,0.31246399999999996,0.221255,0.33674899999999997,1.60694,3.3557900000000003,10.0,6.310969999999999,0.1,1.1123100000000001,10.0,0.101772,0.10852200000000001,2.29475,3.28401,0.1,1.04735,9.999,2.75205,2.63537,2.8623,2.01741,0.223807,9.91535,0.100006,9.99973
69,2.02061,1.20214,0.942199,0.9688610000000001,99.3376,1.61513,2.56182,0.402557,0.100002,1.7813599999999998,9.99996,1.07819,0.125771,7.84805,0.705973,0.10002799999999999,0.10001499999999999,9.99647,0.0436745,8.4915,0.1,0.155085,0.15149,0.37800900000000004,0.1,9.99572,5.8007800000000005,0.1,1.35864,10.0,0.764447,3.3717699999999997,1.60287,3.26125,1.03775,1.89306,9.99993,2.8146,0.197936,0.717429,4.78575,0.100868,9.944289999999999,0.10783699999999999,9.60732
70,2.02081,1.22767,0.9424440000000001,0.9881719999999999,60.3178,1.5577,2.58545,0.42808199999999996,0.111231,0.9894350000000001,9.999839999999999,2.0948900000000004,0.10028200000000001,0.218844,1.2031100000000001,0.10683699999999999,1.05613,3.63896,0.0102411,0.244155,0.17532899999999998,0.103156,0.17802300000000001,1.9141400000000002,0.10000099999999999,0.10313599999999999,6.0818900000000005,0.1,1.28144,9.99923,0.46469799999999994,1.16075,2.41614,0.5201100000000001,0.1,0.19103299999999998,9.99891,9.67239,0.704842,9.966660000000001,0.359983,0.447014,0.9983360000000001,0.147582,2.09455
71,2.0209200000000003,1.47338,0.938786,0.982405,1.0598100000000001,1.51945,2.6648099999999997,0.453366,0.23399,0.528406,9.96711,6.71554,3.2869599999999997,3.26019,2.56278,4.34986,0.1,1.26404,0.0135441,9.8498,0.7811819999999999,0.8665200000000001,9.96119,9.97285,6.1784,1.80298,6.8014600000000005,0.10000099999999999,1.0736299999999999,9.99755,0.7592479999999999,3.8528800000000003,3.94035,1.27054,0.100005,0.26579400000000003,2.76728,2.8471599999999997,1.8688099999999999,9.99494,3.78197,9.842030000000001,10.0,9.76098,10.0
72,2.02095,1.39037,0.9504540000000001,0.971416,1.7826,1.54855,2.58471,0.44435,0.266889,0.961608,6.02074,2.61423,1.39411,0.100087,0.267065,0.45444799999999996,1.00573,0.105268,0.0100161,8.8467,5.94554,0.222717,0.352436,0.8394299999999999,9.99992,9.98509,6.4168400000000005,0.1,1.13036,9.99995,0.825968,0.494612,0.570313,1.8306200000000001,0.10003,0.268403,9.99952,7.85508,1.29603,9.982999999999999,2.40147,0.19422999999999999,9.999989999999999,1.8504200000000002,3.67489
73,2.0209599999999996,1.46154,0.944002,0.969131,23.0362,1.50006,2.6181099999999997,0.458736,0.10002799999999999,0.352792,3.8283400000000003,1.47289,4.6574800000000005,0.100036,1.0259200000000002,9.43909,0.6263449999999999,0.100006,9.98827,3.69237,1.3314700000000002,0.123483,0.270951,2.12647,2.1181,1.9796900000000002,9.6682,0.10029,1.03092,9.999139999999999,0.700512,0.653838,1.1219700000000001,0.227719,0.1,0.360663,6.79415,6.17585,2.50448,6.47746,4.53935,4.693219999999999,0.1056,1.16256,4.19159
74,2.02146,1.6355899999999999,0.942702,0.969131,2.53085,1.47332,2.6137099999999998,0.470308,0.100006,0.5594439999999999,5.13866,1.1581,3.5107,0.133826,1.24769,2.47709,0.9212530000000001,6.29906,2.2311900000000002,7.73797,0.603305,2.37569,2.8521400000000003,2.32666,3.31229,9.80449,6.7478,0.1,0.97651,9.99993,2.0184,6.052969999999999,6.13457,1.3162,0.1,0.24126199999999998,1.76345,3.9963300000000004,4.01625,1.09901,3.89994,2.64268,1.5201,0.100009,1.9961799999999998
75,2.02147,1.26158,0.9472790000000001,0.972145,0.100023,1.60382,2.5653900000000003,0.415559,0.102502,1.30461,9.995460000000001,1.41424,3.72044,0.10891400000000001,1.15704,9.998510000000001,0.182116,0.100012,0.042875,4.09661,0.130564,2.34522,3.3378099999999997,0.14682,9.98965,0.125128,6.19857,0.10018099999999999,1.2383899999999999,9.999989999999999,9.9643,5.89415,5.40222,7.881480000000001,0.110205,0.36830999999999997,9.999989999999999,2.98647,0.65997,9.364419999999999,3.9567099999999997,0.116039,9.99136,9.462,0.883017
76,2.0215099999999997,1.20956,0.9498989999999999,1.01247,98.7865,1.55989,2.61479,0.427018,0.100003,1.27728,9.99916,1.47195,6.642360000000001,0.10085,5.980180000000001,7.629289999999999,0.1,10.0,0.0100044,9.99182,9.99974,0.8975299999999999,1.12198,1.32607,0.1,0.1,6.110180000000001,0.100003,1.29201,10.0,1.02484,1.07569,7.26647,0.21432199999999998,0.1,1.66015,9.53037,0.666583,0.972409,4.24769,1.41303,2.20601,0.165276,0.733187,2.9859400000000003
77,2.0217,1.64025,0.945909,0.9698629999999999,8.58985,1.4867700000000001,2.59668,0.47701099999999996,0.11824200000000001,0.274831,6.6140300000000005,3.73961,1.8359400000000001,0.1,1.43072,0.180574,0.226399,1.64795,10.0,2.53532,0.29249,0.6384989999999999,4.11089,6.7923100000000005,3.09957,3.8109599999999997,6.21241,0.10000099999999999,1.0047700000000002,9.999989999999999,2.12581,1.30523,3.7761199999999997,2.41887,0.1,1.13655,2.01017,1.20946,7.055680000000001,6.31637,5.88061,0.642117,1.36001,2.0386,4.44538
78,2.02175,1.15621,0.933104,0.966974,0.126966,1.6533200000000001,2.6152,0.390648,0.1,1.0102799999999998,10.0,2.01262,9.016910000000001,6.21338,1.43963,2.49578,0.466624,9.99992,0.587011,1.62461,0.5297109999999999,0.134696,0.341446,8.087439999999999,9.7985,9.99667,5.759440000000001,0.100003,1.42095,9.999880000000001,1.47747,2.7389900000000003,1.7617900000000002,1.1303,0.49549099999999996,0.6907439999999999,9.997060000000001,4.15505,0.1,0.125459,2.07396,0.6636890000000001,8.72127,9.99998,1.61566
79,2.02178,1.6953200000000002,0.9405379999999999,0.9668709999999999,7.765789999999999,1.46635,2.64623,0.476617,0.1,0.264745,6.31431,2.9786200000000003,0.47856899999999997,0.680487,0.281547,0.24987199999999998,0.889957,0.134903,0.015769799999999997,4.44111,0.17863199999999999,3.2583900000000003,10.0,7.800960000000001,1.12481,1.9084,6.5864899999999995,0.10000099999999999,0.9575040000000001,10.0,0.510241,1.7933,0.594068,0.45385699999999995,0.1,0.467042,2.9746799999999998,5.47636,8.28931,0.7225189999999999,9.19403,0.8503290000000001,9.99883,0.103095,7.22797
80,2.02185,1.16436,0.940434,0.979885,0.1,1.63873,2.6086,0.392124,0.1,1.0216100000000001,9.99841,1.93155,10.0,5.707319999999999,3.22517,0.37712199999999996,5.42893,9.99289,0.010028299999999999,0.614232,0.150634,0.46226000000000006,0.893243,9.99966,0.1,0.1,10.0,0.1,1.29186,9.9997,0.7591760000000001,2.3092200000000003,5.85562,0.33959,0.5236850000000001,1.16723,9.15773,2.14575,0.24664699999999998,7.1793,0.542065,0.283393,0.29747399999999996,0.12781199999999998,0.653833
81,2.02196,1.21603,0.94373,0.972407,0.10000099999999999,1.5953899999999999,2.61768,0.426573,0.1,0.781881,9.9981,2.3963900000000002,9.31542,0.172422,4.39631,0.12454000000000001,0.11584000000000001,0.21606599999999998,0.471075,2.36159,0.11083299999999999,1.07932,2.1401,0.458488,5.48271,0.1,7.01589,0.1,1.25962,9.999939999999999,1.49339,1.51252,9.999989999999999,1.06989,0.1,0.524189,3.7547699999999997,0.857512,0.85231,9.99657,0.8843270000000001,1.58995,0.309233,3.11476,2.0694
82,2.02209,1.1548399999999999,0.9560930000000001,0.984716,0.182161,1.65658,2.60787,0.388801,0.100006,1.7721099999999999,9.99997,1.14026,2.66094,9.99719,10.0,9.987860000000001,0.515863,2.82234,9.34752,4.92632,0.513043,1.64367,1.8971,0.431709,0.298053,0.10541800000000001,5.93957,0.100006,1.42224,9.999880000000001,0.9298059999999999,2.21841,0.792303,0.799567,0.17564000000000002,0.31204299999999996,7.84743,2.44804,0.17608800000000002,9.999880000000001,4.25504,0.2352,10.0,1.1572,3.61059
83,2.02219,1.7184700000000002,0.939984,0.9703370000000001,99.6887,1.46875,2.62573,0.47690299999999997,0.11211199999999999,0.336405,7.259410000000001,3.02739,9.923169999999999,1.21644,3.8963900000000002,6.34185,3.6400900000000003,0.100116,9.72585,3.21945,1.69734,0.273542,0.504026,5.9153400000000005,0.30783499999999997,0.100783,6.3724099999999995,0.100002,0.9363459999999999,10.0,0.537929,0.842399,4.73048,0.623456,0.1,0.410915,1.23773,2.20076,6.916919999999999,1.6714099999999998,3.58355,3.4584699999999997,9.98865,8.11015,2.58449
84,2.0222,1.55867,0.952724,0.9682629999999999,14.1235,1.49035,2.61033,0.481383,0.161048,0.960784,4.96175,1.10955,6.621860000000001,6.25025,1.55001,2.53334,0.101735,9.99842,0.0247529,0.154292,0.164319,0.1,0.253137,7.14703,1.0004,8.70846,6.58558,0.100106,1.04176,10.0,0.9842870000000001,0.46460500000000005,1.4944,4.33398,0.1,1.61079,7.15135,3.6337599999999997,8.18827,0.101033,9.50876,1.8283,7.28264,10.0,3.7655300000000005
85,2.0226,1.6097299999999999,0.939535,0.960327,4.02801,1.45448,2.55978,0.47768900000000003,0.11573,0.496109,5.29574,1.5856,6.4890099999999995,1.06532,1.89218,6.987019999999999,1.36341,0.100003,1.71279,9.99953,1.44305,1.53224,2.03154,2.4285400000000004,1.5851,5.00836,8.72295,0.10001,0.9353469999999999,9.99993,2.33209,4.429469999999999,7.81285,3.9127300000000003,0.1,0.950693,5.69037,4.75697,8.11708,0.10084299999999999,5.45319,4.00028,7.04315,0.14652,2.97438
86,2.02268,1.52272,0.942815,0.9760110000000001,93.7898,1.4762,2.625,0.48214799999999997,0.1,0.671784,3.65979,0.697032,3.09437,7.0779,2.3854900000000003,0.5247609999999999,0.100187,9.99399,0.010097499999999999,9.95784,9.58232,0.373161,0.414234,0.754582,0.977273,0.315668,6.30042,0.1,1.05029,9.99997,0.36459899999999995,1.71619,2.5642400000000003,0.249365,0.1,0.329761,2.3523099999999997,8.88359,9.5034,0.41690299999999997,3.47811,9.999989999999999,9.945689999999999,6.26843,4.51069
87,2.02272,1.54565,0.9584030000000001,0.9884059999999999,7.65217,1.48898,2.6064700000000003,0.48453,0.247877,0.554416,7.798660000000001,4.92357,9.47742,5.270969999999999,5.8034099999999995,7.80559,1.34826,0.10000099999999999,9.89396,9.99881,0.100091,0.257114,0.24427600000000002,0.10936400000000002,0.711739,5.18761,6.595260000000001,0.100016,1.04274,9.986410000000001,2.61289,1.5276399999999999,5.2624699999999995,5.88243,0.10000099999999999,2.04199,9.998660000000001,4.701569999999999,9.63136,0.103801,6.95907,6.319030000000001,0.10004299999999999,3.70016,2.93415
88,2.02272,1.07476,0.925666,0.961168,99.9617,1.6548900000000002,2.65158,0.400159,0.134284,0.9848299999999999,9.99993,2.95637,0.435544,0.40360999999999997,1.07427,1.6799,0.786341,1.96355,0.012581499999999999,8.413960000000001,0.393748,4.427169999999999,8.36985,5.01541,0.109429,0.143868,6.5612,0.1,1.4943899999999999,10.0,0.10284000000000001,5.95394,3.4362800000000004,0.10945099999999999,4.99906,9.310789999999999,9.99871,1.8460900000000002,0.100435,0.100006,8.59094,9.99563,0.1,0.100117,2.2621700000000002
89,2.02278,1.1346,0.9556959999999999,0.952628,0.100004,1.6544900000000002,2.58767,0.40329299999999996,0.100117,1.6714799999999999,7.431719999999999,0.887951,6.247380000000001,0.24880100000000002,3.10296,0.69653,0.11316199999999998,0.540007,0.0828866,1.15543,0.147731,0.209425,1.74987,6.20714,9.47356,0.1,6.572310000000001,0.100094,1.3865100000000001,9.999260000000001,0.1,0.6605989999999999,5.31953,0.1,2.0632200000000003,6.01486,2.11147,0.13683800000000002,0.1,7.439139999999999,2.3496599999999996,3.6314599999999997,0.293159,0.110284,9.45561
90,2.02297,1.56689,0.948026,0.968822,0.708166,1.53189,2.63727,0.48358900000000005,0.100027,1.1622299999999999,9.99985,1.25925,8.89826,0.107079,5.50274,9.99845,3.5183,0.100003,0.210461,4.67486,0.188554,3.63935,3.94185,2.7980099999999997,0.125025,0.100022,6.259469999999999,0.1,1.04904,10.0,0.503413,0.10295699999999999,7.07978,1.64275,0.1,2.0390200000000003,0.6029140000000001,0.303824,9.97353,0.398629,9.99998,0.101978,0.1,0.12173900000000001,0.546682
91,2.0231,1.4879799999999999,0.9467979999999999,0.972598,13.8391,1.51017,2.6169700000000002,0.483311,0.1,0.187478,6.0887,4.67358,0.812441,0.1,3.04752,0.1,2.41856,0.907108,0.024753900000000002,9.9812,1.8039599999999998,2.9117,5.21946,6.41239,0.767441,9.99308,10.0,0.100037,1.02675,10.0,0.5204529999999999,1.6826400000000001,5.98644,0.259411,0.100003,1.45228,1.5367600000000001,1.03,9.26864,0.101877,4.09693,1.76341,0.1,2.0150799999999998,4.4160699999999995
92,2.02318,1.3453,0.9501360000000001,1.0409,99.9091,1.5876,2.63802,0.45144799999999996,0.256605,1.46345,9.9984,2.95775,2.41185,9.96755,4.77977,1.61694,0.242195,1.08904,10.0,10.0,10.0,0.1,5.325069999999999,9.78405,2.26652,0.160192,6.19321,0.1,1.1789,9.99998,1.8950099999999999,1.0436299999999998,3.0320400000000003,6.243119999999999,0.100002,0.821275,9.99997,2.50599,1.69292,3.67253,8.21777,6.97722,9.98956,0.104006,2.84947
93,2.0234900000000002,1.24789,0.944859,0.972218,0.10002899999999999,1.57829,2.6120900000000002,0.452613,0.100017,0.731617,9.99783,2.44132,1.25169,0.13034300000000001,1.1936,2.18538,0.915651,9.2022,0.0270005,10.0,0.844277,1.81905,1.8189400000000002,0.6294350000000001,9.99997,1.7136,6.607419999999999,0.10000099999999999,1.2229,9.999989999999999,0.100351,0.306897,1.8628,0.259942,0.10000099999999999,1.13484,10.0,1.89625,1.74459,3.24274,9.99998,7.638039999999999,0.24953699999999998,2.00556,2.67713
94,2.02367,1.50878,0.9561149999999999,0.986216,96.4697,1.5109299999999999,2.59331,0.48606099999999997,0.30527600000000005,0.520315,8.850810000000001,7.58989,6.097119999999999,0.1,3.89152,9.9991,1.31116,5.218459999999999,0.0106333,2.03229,1.27492,0.137476,0.210473,2.48882,0.46201800000000004,0.101297,6.18898,0.100008,1.07035,9.99975,7.438,1.44315,5.00368,1.96248,0.100002,2.15053,5.5319400000000005,2.55266,9.811539999999999,0.13839500000000002,9.03782,0.417117,9.98807,9.99597,0.142343
95,2.02371,1.4396,0.939197,1.00194,95.19,1.54535,2.5968400000000003,0.475832,0.167698,0.618221,4.77689,1.86643,10.0,0.576687,3.23297,0.431375,10.0,0.10184800000000001,4.3619900000000005,3.39549,8.55062,0.10001900000000001,0.350044,9.99581,0.37741399999999997,0.101862,10.0,0.100004,1.04748,9.99996,0.860824,1.3905100000000001,6.53417,0.561721,0.100002,1.1131,9.99713,3.80749,3.8534599999999997,0.346077,0.482383,0.543562,0.100005,0.19808900000000002,2.26365
96,2.02373,1.07524,0.9646950000000001,0.9772860000000001,100.0,1.63489,2.5587,0.41933100000000006,0.100645,1.86137,9.99902,1.1598,6.07825,0.1,5.06427,9.99597,0.8179270000000001,0.128797,0.17435,4.29188,0.431642,1.8379299999999998,6.26042,7.39118,0.10008500000000001,0.112201,6.57454,0.1,1.4388299999999998,9.9991,4.48798,3.2534400000000003,5.8811,0.423742,0.10020599999999999,0.25109499999999996,2.78666,1.4159700000000002,0.508249,2.4201099999999998,1.2056200000000001,0.616008,0.101219,0.104805,0.659872
97,2.02391,1.6083,0.944792,0.99054,12.655999999999999,1.49411,2.6368400000000003,0.484994,0.100002,0.9423459999999999,4.45947,0.5889840000000001,9.93318,0.207657,1.10765,2.1476,3.4093400000000003,0.101031,9.99998,9.99997,10.0,0.725826,3.33205,9.99818,0.885034,0.100271,6.801260000000001,0.100004,0.9766729999999999,9.999989999999999,0.100095,0.101772,1.9261099999999998,0.620125,0.1,0.929325,4.678719999999999,4.59494,9.19117,0.1,3.78634,0.267463,9.900160000000001,9.999830000000001,0.947939
98,2.02391,1.1357,0.940636,0.9790110000000001,0.100002,1.6009200000000001,2.60462,0.44513500000000006,0.1,0.564901,9.99875,3.52944,1.2927899999999999,1.75669,1.28386,2.31283,0.10000099999999999,6.33609,1.8237900000000002,5.8089699999999995,0.22828099999999998,1.93209,2.43891,0.79881,9.9993,1.92267,6.06904,0.100012,1.37036,9.99953,0.171547,1.06568,1.57071,0.587244,0.10002,0.60387,9.34619,3.33535,1.40988,1.26109,1.7654900000000002,0.596973,1.11214,2.27503,5.20291
99,2.02405,1.06292,0.9333370000000001,0.9819540000000001,42.4506,1.65183,2.5846400000000003,0.41813500000000003,0.170485,2.0499099999999997,9.95477,1.79351,7.374560000000001,4.93905,1.49844,2.92191,0.26318800000000003,8.0873,0.274995,0.790894,0.685271,0.12695399999999998,0.357721,5.68366,0.1,0.181785,5.76979,0.1,1.49814,9.98783,0.144238,0.345523,1.13828,0.45227700000000004,0.100011,0.43987600000000004,9.99906,2.86021,0.704941,3.4763,7.6383399999999995,4.7316400000000005,2.19782,1.51512,2.28539
100,2.02425,1.07575,0.9319559999999999,0.9750989999999999,0.17035799999999998,1.6575,2.57618,0.42059399999999997,0.1,1.92104,9.99986,1.11976,9.99996,1.02403,2.3698,0.359595,0.7785340000000001,0.100133,0.0123974,9.9921,4.091080000000001,0.42991999999999997,3.0125,9.10718,9.999989999999999,9.99729,6.00608,0.1,1.47298,10.0,0.30628,2.4020900000000003,4.42052,0.101188,0.1,0.483289,9.99996,2.6637299999999997,0.759046,2.87482,1.14618,1.44908,0.540223,0.43090200000000006,0.9443309999999999
101,2.02431,1.35847,0.957782,0.9778110000000001,99.5902,1.52776,2.56963,0.489598,0.122454,0.6190680000000001,10.0,3.24454,9.74198,0.295772,2.73373,1.11727,1.76364,7.7632,0.0100494,2.25556,0.120039,1.82857,3.80197,9.99088,0.1,0.112202,6.06479,0.1,1.1800899999999999,9.996960000000001,0.180858,1.12821,4.52798,0.1,0.1,1.39511,0.923601,0.678962,8.62379,0.7557020000000001,9.63296,8.40956,5.12864,0.1,9.49475
102,2.02464,1.27846,0.9427459999999999,0.9757889999999999,0.100008,1.59827,2.63325,0.47073400000000004,0.100035,1.0038200000000002,10.0,1.7687599999999999,0.8832899999999999,0.411817,4.25217,0.441234,0.621467,0.10139400000000001,9.87225,2.92699,0.4855,0.387258,0.481382,0.965985,2.19806,0.10000099999999999,6.61906,0.10000099999999999,1.21561,9.99991,0.25131,2.67762,7.98365,0.1,0.999724,6.02881,0.720097,0.0172333,0.100021,0.269004,6.46453,0.21279099999999998,1.54334,0.10240999999999999,0.152529
103,2.02467,1.4349100000000001,0.951408,0.96698,5.26959,1.53144,2.6013,0.487234,0.100007,1.47102,3.4835,0.321397,8.85786,2.71831,2.25271,2.8082,8.8484,0.10143200000000001,0.0407844,6.694369999999999,4.43267,1.6795900000000001,3.4500900000000003,9.986419999999999,1.35392,9.99992,6.47534,0.100021,1.09243,9.99998,1.48504,1.93025,3.54817,1.34243,0.100002,0.568082,0.545071,0.769986,6.50778,3.7980699999999996,7.67433,0.101656,0.100004,0.345735,7.72428
104,2.0253799999999997,1.26569,0.93948,0.982931,0.502574,1.65383,2.58352,0.477688,0.10029500000000001,1.3603399999999999,9.999839999999999,1.3552799999999998,9.98828,3.20424,6.102069999999999,2.7555,1.15828,9.597000000000001,10.0,7.088539999999999,0.12971,0.1,0.100103,0.319887,0.100313,0.107458,9.997530000000001,0.100013,1.27335,9.9954,1.5812700000000002,2.09327,9.616660000000001,1.3061200000000002,0.1,1.5816700000000001,3.6588199999999995,0.834211,2.7723,0.100024,1.9902400000000002,4.06365,9.85952,9.90956,3.83366
105,2.02541,1.23817,0.93137,0.96775,26.1185,1.55771,2.62644,0.485073,0.347229,0.56386,4.80096,4.98663,6.36239,4.448919999999999,2.1699900000000003,2.8808599999999998,6.58591,9.79957,0.0126603,9.995439999999999,3.5742800000000003,1.9152,2.4666099999999997,6.06772,0.315117,0.100409,6.55265,0.100002,1.25536,9.99912,1.6646400000000001,4.37293,6.5702,2.81897,0.100009,1.3401399999999999,9.91952,3.9985699999999995,4.18349,0.190894,4.7864,5.23302,0.323625,0.614269,3.6798900000000003
106,2.0255799999999997,1.2928899999999999,0.9670040000000001,0.9853709999999999,4.722919999999999,1.54315,2.5857200000000002,0.493123,0.18999000000000002,0.42723999999999995,3.99775,2.81335,9.98344,9.99275,2.15967,0.851419,1.9289,2.8906099999999997,0.0165388,0.77188,0.140526,0.415447,1.0650700000000002,9.999830000000001,1.91746,9.99992,9.90514,0.100342,1.1569399999999999,9.99543,3.27845,3.30435,5.87664,3.68948,0.100013,0.5643640000000001,4.82221,7.882610000000001,6.43508,0.10624000000000001,1.50835,0.447046,9.99515,0.10015700000000001,0.9921
107,2.02612,0.9759479999999999,0.952432,0.9934120000000001,0.1,1.6766,2.59452,0.396392,0.1,1.30013,9.99872,1.8355400000000002,4.661569999999999,9.89536,2.98501,0.100097,0.100024,5.8066699999999996,0.0102793,0.10545299999999999,0.100074,0.100005,0.36153,5.8597,0.1,0.10005399999999999,6.17815,0.1,1.6040299999999998,9.99967,2.84107,3.22663,9.89587,2.4234400000000003,2.6162799999999997,5.0817,9.999989999999999,2.27175,0.10009,3.7144699999999995,0.538099,0.10116699999999999,9.99961,1.07003,0.193158
108,2.02632,1.15679,0.9452020000000001,0.9913860000000001,69.2018,1.64032,2.6365,0.48003199999999996,0.100022,2.11079,9.999989999999999,0.950526,1.95242,0.120894,3.1798900000000003,0.430604,0.280223,7.253660000000001,0.0100029,9.999419999999999,1.7069400000000001,0.357794,0.80377,6.00807,0.1,0.10029500000000001,6.38448,0.100007,1.39221,10.0,0.5810109999999999,7.1863,8.41383,0.12112,0.100969,0.518892,0.155779,0.018437400000000003,0.33008699999999996,0.135512,5.9737800000000005,0.846842,9.999419999999999,0.1,9.72741
109,2.02641,0.96972,0.9529799999999999,0.981146,0.100031,1.6759700000000002,2.63193,0.40974799999999995,0.100053,1.12745,10.0,2.0969,1.8011700000000002,0.100007,4.15269,1.16178,1.33103,0.100061,0.01,8.24572,3.9331300000000002,0.23681999999999997,0.44703999999999994,2.4782900000000003,0.1,0.100036,6.4819,0.1,1.59073,9.99997,2.0806400000000003,2.74517,9.91455,1.0232299999999999,0.100003,0.344629,7.39923,2.2801099999999996,0.48482299999999995,9.997639999999999,0.383214,0.557554,0.161443,0.570028,1.41031
110,2.02699,0.977555,0.941291,0.9586319999999999,6.86665,1.74403,2.58755,0.394406,0.1,2.46266,9.99956,0.980867,0.735534,9.41514,9.34077,2.61972,1.4074200000000001,0.100082,0.01,9.66468,0.9369620000000001,3.65518,6.87403,5.9355400000000005,0.1,10.0,6.29924,0.1,1.66258,9.99993,0.732661,4.3749400000000005,5.67422,3.1004400000000003,4.56009,9.49819,9.99975,1.7429700000000001,0.10000099999999999,7.248239999999999,3.13215,1.2525,0.141762,0.1,6.41443
111,2.02726,1.7574299999999998,0.8767799999999999,0.941305,99.7967,1.40832,2.63128,0.506768,0.10706099999999999,0.85234,9.99952,1.57231,7.25351,0.292122,2.05235,0.100869,1.12947,9.998339999999999,0.018919,9.97725,0.1,0.759089,0.723143,1.43797,0.143539,0.100009,5.65536,0.100083,0.897992,9.99977,1.0599100000000001,1.34571,5.2981300000000005,1.11731,0.130154,4.04556,3.20169,0.8095289999999999,8.32645,0.100156,4.6954400000000005,0.100018,9.69854,0.112041,9.65917
112,2.02783,0.96395,0.9591299999999999,0.983927,0.1,1.7110299999999998,2.60658,0.423817,0.10007100000000001,2.89375,8.756269999999999,0.7220409999999999,8.85833,9.99268,6.558660000000001,2.17597,0.812488,5.35301,0.0100044,9.98166,0.145004,1.30388,1.23945,0.303595,0.10015,0.100654,6.30051,0.100005,1.63999,10.0,0.5757869999999999,1.41733,4.19675,0.474038,0.1,0.352514,9.99998,4.3376,0.6633100000000001,0.100129,4.36033,5.0415,0.40990299999999996,0.109338,0.443446
113,2.02902,2.17002,0.9398700000000001,0.968126,19.9321,1.71269,2.6320099999999997,0.391972,0.100004,0.711482,6.800089999999999,0.891284,9.893310000000001,0.101711,0.79585,2.85874,0.10001399999999999,9.089260000000001,0.01,9.99923,0.10029500000000001,1.6326,1.51529,0.23965,1.13331,9.9956,10.0,9.99997,0.6356350000000001,0.100238,2.8191900000000003,1.65717,1.84023,1.9440099999999998,0.243696,0.257385,9.99911,4.16879,0.367161,1.06251,3.3251800000000005,0.9681850000000001,10.0,0.148241,1.0658100000000001
114,2.0295900000000002,1.73317,0.9563200000000001,0.981252,100.0,1.76017,2.60066,0.406525,0.10016900000000001,0.534429,5.45983,1.19597,9.922369999999999,0.100004,0.602336,9.99944,0.719145,0.1,10.0,9.99067,0.101125,0.444763,0.417329,0.21139699999999997,0.8294309999999999,0.10029,9.9999,9.99997,0.7866529999999999,0.1,2.6693,9.0267,1.07476,0.23390300000000003,0.100115,0.153346,9.9896,5.923080000000001,0.650364,0.162935,5.171880000000001,0.1,0.150765,0.1,1.5502799999999999
115,2.0295900000000002,0.8983200000000001,0.976686,0.98495,100.0,1.7087700000000001,2.54927,0.39745199999999997,0.100199,1.04941,9.998489999999999,2.43908,1.08121,9.99997,2.36556,0.100397,0.114123,0.28846,0.0447464,2.00178,0.208024,0.48252700000000004,10.0,10.0,0.10032999999999999,0.100114,6.22015,0.100005,1.72242,10.0,0.1,0.1,2.43752,0.916061,1.7474299999999998,3.9643699999999997,10.0,2.29587,0.14321199999999998,9.999989999999999,8.60858,4.24257,0.104176,0.395009,1.1451
116,2.02975,1.7429,0.951628,0.974459,65.7876,1.77068,2.5645700000000002,0.404532,0.117354,0.30370199999999997,8.18679,3.8612300000000004,0.113434,0.344748,5.50401,0.327502,0.986857,3.08221,0.0340277,2.76357,0.100037,2.14784,3.7523199999999997,4.82501,0.47087700000000005,0.10362400000000001,4.77064,0.100009,0.715013,0.1,0.153385,2.04624,9.99993,0.181978,0.637275,8.88389,9.99971,0.120244,0.22122199999999997,0.100121,0.668766,0.14415999999999998,9.30223,9.98671,3.6255
117,2.0298599999999998,2.72937,0.9466379999999999,0.974031,8.09905,1.71438,2.6121,0.406067,0.100008,0.540434,9.999989999999999,1.42042,9.07285,1.01169,9.41152,9.99998,0.318187,0.10496,0.0356251,1.46276,0.272002,0.218583,1.7829,9.97236,2.8767400000000003,3.0587299999999997,1.63176,9.99976,0.768857,0.1,0.271462,2.2537599999999998,8.80973,0.10000099999999999,0.100007,0.9688329999999999,5.0738199999999996,0.08289810000000002,0.324173,8.32357,2.45405,0.88579,9.98183,9.9995,0.696113
118,2.0299,1.7058200000000001,0.9453010000000001,0.9652790000000001,100.0,1.78545,2.61252,0.392025,0.100021,0.996875,4.62823,0.5387649999999999,1.33867,7.1462699999999995,7.32342,4.49126,0.1,7.4132,3.37092,9.999260000000001,0.101048,0.17626,0.166304,0.157974,1.13857,0.606672,9.99992,9.99992,0.801399,0.100155,0.441458,0.778266,1.53959,2.18626,1.42509,1.52462,1.3226,0.273277,0.1,8.468589999999999,9.94303,1.02911,9.999139999999999,9.96602,3.27442
119,2.03002,0.887273,0.9451459999999999,0.987283,0.100008,1.6714200000000001,2.6000400000000004,0.396969,0.100229,1.56243,9.99855,1.63806,10.0,4.67656,7.292789999999999,1.05606,0.13972,0.100211,0.222764,10.0,2.8195099999999997,0.12408399999999999,1.51278,4.78904,0.1,0.100801,6.919810000000001,0.1,1.6471900000000002,9.99835,0.10013,0.58063,10.0,0.154667,0.754204,3.0316400000000003,3.6370699999999996,0.367566,0.188727,10.0,0.487129,1.8254400000000002,0.75913,0.100053,7.439430000000001
120,2.0303400000000003,1.81244,0.9268430000000001,0.9735219999999999,58.3507,1.78047,2.6261400000000004,0.393569,0.100006,1.1731,8.014569999999999,0.796003,0.356686,1.8192700000000002,1.96048,0.56965,1.3839700000000001,0.100027,0.010061200000000001,6.00822,0.106841,5.09443,5.718380000000001,1.61479,0.383257,0.10494400000000001,9.999310000000001,10.0,0.7528050000000001,0.102503,0.347383,1.02705,4.65126,2.48311,0.224973,0.504774,1.1833,0.0518726,0.10249000000000001,0.120611,9.87782,3.7705800000000003,0.265755,5.04862,3.9509
121,2.03038,0.881431,0.937898,0.983607,7.78485,1.67895,2.61191,0.391426,0.1,1.72318,10.0,1.51375,0.239573,1.41614,4.01389,0.611977,0.10000099999999999,0.100022,9.99739,0.720757,0.112501,0.129737,3.02477,9.99889,0.10000099999999999,9.999830000000001,6.766260000000001,0.1,1.6685299999999998,9.99986,0.1,1.3543399999999999,7.24989,0.492609,1.24681,7.617839999999999,5.315930000000001,0.27247,0.170542,4.7726,0.980188,0.345179,0.493016,0.100053,9.995239999999999
122,2.03057,1.60238,0.9514889999999999,0.9733040000000001,18.9092,1.7991,2.60566,0.391046,0.12346300000000002,0.280806,5.60236,3.14549,0.822891,0.178152,2.16321,9.98933,0.101131,0.993919,0.0101138,9.54036,1.7079799999999998,0.313459,4.56989,9.98209,3.7234,0.104102,5.27999,0.100034,0.767876,0.1,0.248209,1.0257100000000001,2.07388,0.43855200000000005,0.524453,1.08887,3.86496,0.686992,0.31278,0.100517,3.3589900000000004,0.12872999999999998,0.10207100000000001,9.9253,1.23149
123,2.0307,1.7224599999999999,0.937649,0.982841,28.8051,1.82453,2.60311,0.393259,0.18582,0.433566,7.58265,4.02342,0.50931,0.602841,2.27067,0.996751,0.636463,0.757817,0.0374955,0.8210350000000001,0.134693,0.302452,0.351353,0.544058,1.0627,3.0392099999999997,9.99277,10.0,0.846749,0.159918,0.346054,2.71342,4.639959999999999,0.394002,0.5238689999999999,1.11832,2.57262,0.34002899999999997,0.258804,9.999989999999999,2.36271,0.6997760000000001,0.729601,0.190192,4.90375
124,2.0307,0.876624,0.952916,0.9731620000000001,0.10004299999999999,1.69146,2.57477,0.38964099999999996,0.1,1.6675900000000001,9.99997,1.55946,8.46265,0.100161,4.94909,6.078880000000001,8.6203,0.10739100000000001,7.86724,0.7559680000000001,0.123672,0.138355,0.13730799999999999,1.92157,0.1,9.99952,6.825069999999999,0.10003,1.6893799999999999,9.999880000000001,0.985408,9.999989999999999,10.0,0.100088,1.60575,5.1772,2.19545,0.169126,0.100012,10.0,1.8143,2.91756,0.253185,0.100003,7.40769
125,2.0310599999999996,1.52908,0.9481780000000001,0.9735950000000001,15.1718,1.79233,2.583,0.41571400000000003,0.100149,0.377423,4.6046,1.5950600000000001,0.441283,9.64976,1.76741,0.135928,1.1188799999999999,0.24060399999999998,9.99805,4.7827,0.1,4.139959999999999,6.55935,2.78208,0.8587530000000001,0.10019299999999999,4.7855,0.10000099999999999,0.796497,0.1,0.208229,1.35935,1.0643799999999999,0.189871,0.103078,0.137669,9.99981,9.80935,0.586278,7.724480000000001,1.21369,1.432,1.05095,4.90724,2.35507
126,2.03113,0.896036,0.957298,1.01445,0.1,1.7235099999999999,2.60415,0.423687,0.100007,2.5579,9.88278,0.995659,9.99897,0.570891,3.03059,8.90048,0.595934,0.261549,0.0100001,7.34979,8.80902,0.10015700000000001,1.57723,7.46658,0.100035,0.100882,6.29893,0.10000099999999999,1.7189900000000002,9.99991,0.723301,2.35245,3.4287699999999997,0.18545799999999998,1.8792200000000001,9.99998,2.11369,0.08321289999999999,0.1,8.48707,8.01065,1.4323700000000001,0.100047,0.21303000000000002,3.64603
127,2.03127,2.33902,0.9493219999999999,0.9722569999999999,99.7983,1.7871099999999998,2.60193,0.415283,0.100002,0.184648,10.0,4.9477400000000005,1.81103,0.100187,7.950760000000001,9.99986,1.98555,0.100013,9.99998,4.76001,1.53939,0.694232,2.0774,9.9999,0.74135,9.94776,9.99985,9.96751,0.6084069999999999,0.100102,0.393251,1.51636,7.6079,0.1,0.105306,0.7611760000000001,9.04013,0.736425,0.972743,4.38998,1.75365,1.62039,1.8417,0.9119209999999999,0.7574380000000001
128,2.03139,1.5017200000000002,0.9414819999999999,0.988524,10.3997,1.8214700000000001,2.6600599999999996,0.395491,0.100003,0.243488,5.08568,2.8427,0.103725,2.4079599999999997,1.06178,0.224163,0.106135,4.49469,10.0,2.5180599999999997,0.544702,0.102425,1.06467,9.989410000000001,3.19752,5.16681,9.998660000000001,8.91463,0.8845299999999999,0.100004,0.10001399999999999,3.00854,2.5021299999999997,0.410554,3.8493,7.2122,10.0,1.43785,0.184228,0.10044,3.5892199999999996,9.882660000000001,0.100941,0.260085,8.64237
129,2.03145,1.6723299999999999,0.944635,0.9735719999999999,5.509580000000001,1.8397599999999998,2.6053,0.391839,0.169322,0.846715,4.80633,1.1549,1.75883,2.5548,2.72078,2.7662400000000003,0.158114,9.90426,0.365155,0.6167090000000001,0.169605,0.30243000000000003,0.45016000000000006,2.21163,0.823055,0.10135,2.2290099999999997,9.9906,1.07881,0.1,0.606251,1.34676,3.4165300000000003,2.15406,0.715531,0.713258,4.08535,1.77735,0.14593299999999998,0.12717699999999998,2.63868,2.02773,9.63216,0.12294100000000001,1.6753099999999999
130,2.0314799999999997,1.53206,0.9512649999999999,0.9781280000000001,11.6724,1.83296,2.56609,0.392357,0.10000099999999999,0.9555290000000001,4.16096,0.558829,6.7869600000000005,1.0951899999999999,1.1709,6.4547099999999995,1.8292,2.14235,0.0100193,9.999989999999999,3.3088,1.4359899999999999,3.3690800000000003,6.073119999999999,0.8806200000000001,3.2736400000000003,10.0,0.102997,0.80277,0.100116,2.1313299999999997,1.8092599999999999,2.00923,2.72979,1.18331,1.2597200000000002,5.97695,2.3715,0.136717,0.100066,5.29838,1.8695,0.632787,10.0,1.5055399999999999
131,2.03157,0.869933,0.931991,1.00434,0.10000099999999999,1.6446599999999998,2.62351,0.394286,0.10028300000000001,1.8429099999999998,9.999130000000001,1.39349,0.1,0.10001399999999999,0.681567,3.22403,0.351385,0.42384399999999994,6.6689,6.27046,3.9087300000000003,0.100007,2.0737799999999997,9.9991,0.103871,9.978589999999999,7.471360000000001,0.10000099999999999,1.6025,9.9994,0.130528,0.133773,1.9920099999999998,9.99199,3.05511,7.1843,7.32417,1.32644,0.126031,0.10231799999999999,5.31952,3.3045699999999996,9.95836,0.155533,6.073169999999999
132,2.0318099999999997,1.6668,0.9376059999999999,0.9843200000000001,3.3338,1.8287200000000001,2.6027099999999996,0.411066,0.128055,0.730445,5.66386,1.21413,0.396784,0.265817,3.45491,0.814563,0.34831999999999996,0.293742,0.016041200000000002,9.99996,2.8472299999999997,0.315101,3.2798599999999998,10.0,6.34933,5.65165,9.98611,9.98917,0.816426,0.100008,1.1913,1.58597,8.54947,1.8887099999999999,0.132279,2.147,6.34199,0.09523039999999999,0.305095,0.629303,6.38205,1.45878,7.62785,0.100011,0.660573
133,2.0318400000000003,1.7404099999999998,0.936558,0.9805959999999999,10.4647,1.74957,2.63651,0.453007,0.113919,0.381824,6.35427,2.22546,3.20456,0.8840040000000001,0.375819,2.27421,0.122005,9.993839999999999,0.030533099999999997,2.27501,0.12138199999999999,1.20537,1.2525700000000002,0.466393,0.997074,7.713589999999999,5.56291,0.100161,0.711482,0.10000099999999999,0.9318780000000001,0.615445,0.775201,3.0794799999999998,0.1,0.796747,9.98156,3.50006,3.20598,3.3787800000000003,8.9176,2.64662,1.11032,4.9208,6.94642
134,2.0320099999999996,0.8496459999999999,0.9476180000000001,0.969168,0.10325699999999999,1.70442,2.6346700000000003,0.40207600000000004,0.100097,0.9916459999999999,9.9993,2.70896,0.15919,0.42130500000000004,1.42246,0.10000099999999999,0.290485,0.100026,0.010996899999999999,9.99235,0.100009,3.02921,2.82085,0.100006,0.100329,10.0,6.73256,0.100003,1.7514299999999998,9.99949,2.8892700000000002,2.05959,10.0,9.96006,1.35932,2.68175,9.999130000000001,3.0889599999999997,0.1,10.0,3.6095699999999997,4.18655,0.274979,0.350273,1.24995
135,2.03205,2.1015200000000003,0.9645100000000001,0.960518,9.780439999999999,1.70697,2.5407,0.44084799999999996,0.100013,0.42811099999999996,6.9095,1.54504,6.63828,0.10001900000000001,1.9242400000000002,10.0,0.100276,4.21132,0.11407300000000001,7.8726899999999995,2.62115,0.23983400000000002,1.3816,9.99997,1.6586400000000001,1.66925,9.99698,9.995,0.644895,0.100007,9.99987,0.100007,1.9008200000000002,0.1,0.100003,2.09461,9.99569,0.723414,2.31332,9.999080000000001,7.48778,1.35484,2.26808,0.10091,3.06828
136,2.0321700000000003,1.5146600000000001,0.959743,0.965089,56.2731,1.82457,2.50651,0.392698,0.144774,0.6399090000000001,5.03103,1.5338399999999999,9.99998,0.10004199999999999,2.31773,9.99633,3.17361,0.80793,7.17342,9.9956,0.100004,9.38654,9.31005,1.51686,0.34691700000000003,0.10671199999999999,6.7076199999999995,0.100102,0.811277,0.1,9.99966,0.234136,2.37114,0.10004,6.68962,8.420160000000001,9.97799,1.87497,0.10519400000000001,9.999130000000001,9.99969,1.38323,0.354496,0.1,0.332549
137,2.0323,2.1461,0.94778,0.9734709999999999,95.7472,1.7387700000000001,2.60029,0.454545,0.100039,0.26008200000000004,8.55149,3.17156,0.38722,0.10000099999999999,4.10241,0.937845,0.1,6.28057,0.010853299999999998,1.27911,0.216232,0.211067,0.29957399999999995,1.5830899999999999,0.87776,0.100023,2.33966,10.0,0.845541,0.100035,0.458606,2.77942,7.63191,0.189391,0.100036,0.1,1.00676,5.1691,2.97628,3.16323,0.340661,6.868110000000001,4.37409,10.0,8.32437
138,2.03241,1.59762,0.9409049999999999,0.969983,6.0208699999999995,1.8465099999999999,2.61781,0.393301,0.10978199999999999,0.411179,4.91439,1.64815,0.25546399999999997,9.40146,2.51613,0.45604300000000003,3.45675,9.992280000000001,9.9994,9.986419999999999,9.18642,0.21063600000000002,0.7022149999999999,9.99917,1.86021,9.999989999999999,9.99921,9.997,0.838089,0.10001499999999999,0.8068069999999999,3.6888900000000002,4.72401,6.50176,2.30893,2.51804,8.86166,2.64249,0.129281,0.322247,4.37141,2.5392,9.994819999999999,4.81439,6.762160000000001
139,2.03245,2.2342299999999997,0.961981,0.965975,99.9045,1.7076200000000001,2.59788,0.45549300000000004,0.100031,0.41874700000000004,6.8514100000000004,1.45959,9.998489999999999,9.59558,4.2663199999999994,1.16898,0.6494880000000001,0.100761,9.72483,8.30235,0.87455,1.92875,3.4343,2.6412,1.59566,0.15934700000000002,4.95589,0.10005,0.5575869999999999,0.1,1.3059399999999999,6.674289999999999,9.903889999999999,0.694527,0.100022,0.333622,0.6814939999999999,0.553459,3.58178,0.100087,9.93902,1.42963,0.10044299999999999,5.04788,0.925433
140,2.03271,1.5730000000000002,0.936874,0.991367,0.913294,1.83507,2.64342,0.40018899999999996,0.1,1.4616200000000001,7.73141,0.710657,2.05162,0.154301,1.11194,9.8887,0.1,4.30762,0.726298,9.99998,7.505389999999999,0.187136,1.60392,9.61115,9.99395,8.56317,10.0,9.99928,0.8380200000000001,0.100119,1.07792,1.78213,1.24247,0.456741,0.168683,0.247279,9.88342,4.2396400000000005,0.37454499999999996,10.0,2.94818,1.12008,2.22371,0.11299000000000001,1.61818
141,2.03281,1.60105,0.9437469999999999,0.9866510000000001,0.47188100000000005,1.8732799999999998,2.6090299999999997,0.389326,0.10001,0.9693440000000001,9.99995,1.40571,2.18606,1.95985,2.02445,5.44364,0.569975,0.100089,0.0444976,0.574667,0.147172,0.10001499999999999,0.520591,7.88886,9.930010000000001,7.400639999999999,9.999839999999999,9.96607,0.8487459999999999,0.101491,1.00284,3.1566,7.31158,6.002000000000001,0.10443599999999999,0.168471,4.47805,1.1516600000000001,0.292035,1.2093399999999999,3.5203300000000004,0.44118900000000005,9.95544,9.985289999999999,2.70338
142,2.03282,1.42143,0.934225,0.9916459999999999,7.483460000000001,1.86568,2.64005,0.39502,0.1,1.2898,3.66731,0.38660100000000003,4.99221,1.1453200000000001,2.4938,2.83968,0.100013,1.5963100000000001,0.0266786,3.72595,5.1189800000000005,0.1,1.51391,9.987739999999999,5.368530000000001,3.45854,10.0,9.99912,0.941227,0.10001399999999999,1.6806599999999998,2.4980700000000002,5.9232,1.71492,2.06846,3.42027,9.999989999999999,2.1973599999999998,0.207436,8.228810000000001,1.22365,5.74585,0.32113200000000003,0.19046400000000002,6.25675
143,2.03285,1.73,0.952591,0.9793290000000001,97.41799999999999,1.80467,2.5880400000000003,0.43469300000000005,0.10001900000000001,0.784457,4.67914,0.669929,6.64042,0.100315,1.1437,9.9998,0.100017,0.9868459999999999,0.0102723,1.6215899999999999,0.10002,0.6930069999999999,9.881210000000001,9.999989999999999,4.25871,0.5130779999999999,9.98877,9.99873,0.948274,0.337902,8.23472,4.608219999999999,2.09207,1.66365,0.100016,0.601528,9.999989999999999,2.69124,1.88903,1.06166,6.695310000000001,2.3586,0.240977,0.103828,1.99921
144,2.0329,1.44702,0.937838,0.9719709999999999,8.60268,1.85411,2.64855,0.394358,0.19126300000000002,0.562271,5.0284,2.41583,1.80435,9.79385,2.30855,0.673084,2.1129700000000002,9.999,9.99306,9.850010000000001,7.798489999999999,0.383281,0.9400950000000001,4.43396,1.70701,9.99859,5.06196,0.100101,0.8333520000000001,0.10000099999999999,0.41031000000000006,0.21029299999999998,1.6528599999999998,3.9590300000000003,4.7685699999999995,5.88364,10.0,2.20369,0.100002,0.271375,7.64807,3.9447,9.75424,0.16325,1.7709400000000002
145,2.0331599999999996,1.52894,0.949699,0.970138,6.384530000000001,1.93554,2.65367,0.398327,0.14616500000000002,0.811739,4.28421,0.993607,4.923719999999999,9.99996,1.88358,5.10409,0.667071,8.36032,9.999989999999999,0.9531379999999999,0.12278800000000001,0.44383,1.52157,9.33283,2.4094900000000004,10.0,9.9999,9.99962,1.15192,0.368816,2.41233,2.5937900000000003,0.8318530000000001,3.3664300000000003,0.727007,0.852864,9.99981,4.3609,0.203688,2.00065,7.76681,2.8942099999999997,9.999889999999999,0.11392000000000001,5.76623
146,2.03333,1.5526,0.9322389999999999,0.9867020000000001,31.4352,1.9375200000000001,2.61367,0.39920100000000003,0.10038899999999999,0.749396,4.73487,0.824284,0.100203,0.67471,1.8243200000000002,0.282044,7.38789,7.70633,0.0100001,1.99615,9.00882,0.131967,0.29373699999999997,6.43129,0.444067,9.73812,9.99992,3.9766800000000004,0.869092,0.1,0.241101,1.05512,4.03833,1.0703200000000002,2.17686,2.22553,9.99987,3.5455099999999997,0.10002799999999999,7.8686300000000005,0.528825,0.986461,0.592316,0.100002,2.59534
147,2.03343,0.846641,0.9459850000000001,1.0156100000000001,1.59833,1.7514900000000002,2.61069,0.423471,0.10002899999999999,0.949358,9.952060000000001,2.87217,8.402569999999999,0.100004,0.589951,0.10000099999999999,0.1,0.673075,0.0100609,5.25699,9.9963,0.106905,0.418358,0.721399,0.100005,9.75712,5.5694,0.10005399999999999,1.8642599999999998,9.99993,2.4314,3.36774,2.2812799999999998,1.8310099999999998,0.10003200000000001,0.446826,9.99986,3.60017,0.644033,5.47962,7.41533,2.56407,0.139586,6.681010000000001,1.5971600000000001
148,2.03393,0.8218280000000001,0.9441440000000001,0.9992629999999999,0.100993,1.76142,2.6251900000000004,0.394097,0.144832,1.2085,9.99767,3.3808599999999998,1.3108899999999999,0.22065500000000002,1.8025400000000003,4.62626,0.100146,0.342538,0.0588595,9.95438,9.99996,0.1,0.178549,0.125209,0.100257,9.944560000000001,6.31348,0.1,1.8823599999999998,10.0,1.03566,0.436428,3.9165,6.00398,0.1,0.8699620000000001,4.73037,0.220295,0.22247399999999998,1.1999,6.10316,0.101225,8.78895,6.919510000000001,0.756871
149,2.03443,1.6713200000000001,0.940631,0.9795459999999999,9.65366,1.78597,2.60907,0.462908,0.135674,0.419642,5.29893,2.02593,1.63206,10.0,3.14938,0.35533000000000003,0.10056699999999999,3.53269,0.5526409999999999,4.14872,0.73125,0.379752,1.61399,5.5492,1.7755900000000002,0.1,3.6991199999999997,10.0,0.925333,0.10005599999999999,0.766325,1.6761099999999998,2.5939900000000002,0.645473,0.1,0.821694,9.99995,5.15974,4.6673,0.8249620000000001,1.58133,1.9903099999999998,0.131183,0.605308,6.02508
150,2.03445,1.66031,0.9438639999999999,0.986822,39.51,1.83729,2.62856,0.441742,0.18126099999999998,0.377359,6.72757,4.00154,3.4282199999999996,5.96422,2.72159,0.3672,0.1,1.41493,0.0100011,8.36087,9.99925,0.117222,1.97302,10.0,4.10962,6.18929,9.99972,9.999880000000001,1.18725,0.623754,0.42166000000000003,1.75547,3.79817,0.26966999999999997,0.1,0.241075,2.88777,2.55841,1.7895400000000001,9.99747,1.45691,1.41564,1.63493,5.5458300000000005,1.7301099999999998
151,2.03463,1.4280000000000002,0.948549,0.964749,3.11416,1.9548900000000002,2.5754599999999996,0.395688,0.177203,1.28951,4.662030000000001,0.921366,2.32726,0.100203,1.14854,2.0694,3.89209,0.14936,9.999989999999999,2.24665,0.20726,1.7866099999999998,2.65957,4.67131,1.4737799999999999,9.9925,9.9973,9.98738,1.15778,0.321002,0.112678,0.17361,1.8015599999999998,0.385047,3.67348,4.43814,9.99865,2.5095099999999997,0.100002,9.90302,2.55821,0.59113,4.9652199999999995,9.99927,0.723748
152,2.0346900000000003,1.36533,0.97756,0.9866090000000001,2.9523099999999998,1.90283,2.53162,0.391704,0.139245,1.50349,3.42239,0.45383900000000005,6.67353,0.101079,0.723749,0.1,0.21628699999999998,0.17531300000000002,0.0335565,9.9999,1.86048,0.100106,0.10928299999999999,0.100003,4.610519999999999,0.100076,9.99289,10.0,0.977542,0.100008,0.366792,9.801789999999999,3.9230300000000002,0.155343,0.371707,0.40020900000000004,9.12594,4.93026,0.1,0.104361,2.28111,0.8567040000000001,9.122580000000001,9.970139999999999,1.1187200000000002
153,2.03518,1.80385,0.937737,0.957304,15.8784,1.8363900000000002,2.63583,0.469426,0.149463,0.604892,6.23456,1.7309700000000001,6.23416,4.953530000000001,1.8002,0.328356,0.242767,8.35331,0.0100225,9.67646,0.24996500000000002,0.760382,0.782809,1.2777100000000001,0.621236,0.10011,9.999410000000001,9.998289999999999,1.08161,0.527474,2.3521900000000002,4.7899,9.99981,2.6618,0.100005,1.51537,10.0,5.32969,9.99959,5.65911,2.09019,0.646354,0.10691700000000001,5.88117,2.31032
154,2.03532,0.864274,0.937675,0.965909,0.100036,1.6724900000000003,2.5889900000000003,0.46579,0.100003,1.3487799999999999,9.99873,1.90157,0.10002799999999999,0.142835,0.946317,0.604729,0.22976100000000002,0.100011,5.10565,1.17311,0.173682,0.335755,1.0239200000000002,1.8493700000000002,0.10001499999999999,9.998610000000001,6.907939999999999,0.1,1.67498,9.99992,0.100006,0.174071,1.88162,1.40825,0.10005700000000001,0.631757,9.99808,5.69158,1.69155,6.84209,1.62058,4.9698199999999995,0.737173,9.98299,6.0497
155,2.03536,1.4954,0.946061,0.935969,26.1734,1.58616,2.61033,0.39494,0.294714,0.666479,8.04245,5.27345,9.9999,0.152443,1.35437,9.928519999999999,3.72065,0.100002,9.654110000000001,10.0,8.61955,4.67519,9.9982,0.100004,2.5916099999999997,9.999830000000001,7.024380000000001,0.1,1.02311,9.999989999999999,0.351174,0.122103,1.6162100000000001,0.7432270000000001,5.37078,9.25244,3.2726900000000003,0.323357,0.103565,3.04032,9.9583,0.159056,0.11713399999999999,2.61803,0.6176590000000001
156,2.03578,1.96242,0.972183,0.9650860000000001,17.6757,1.81073,2.72307,0.466988,0.22252600000000003,0.45661,8.22931,4.27942,6.03209,0.118477,2.7538,0.10030700000000001,0.843074,0.46282299999999993,0.0210298,4.314019999999999,0.534879,1.48658,4.79146,8.63077,1.38794,4.25858,4.01587,9.99872,0.8809549999999999,0.151952,1.13676,3.06983,6.25155,0.360715,0.100002,1.3906,1.00668,0.372564,6.708289999999999,0.519033,6.21908,0.10872899999999999,9.976460000000001,9.85816,8.60913
157,2.0359599999999998,1.46335,0.966923,0.9451069999999999,99.9962,1.88252,2.6066700000000003,0.459682,0.147313,0.9488610000000001,4.00665,0.8302860000000001,1.22833,0.1,3.9325099999999997,9.99916,1.1198700000000001,0.10000099999999999,0.0128126,10.0,3.2194700000000003,0.723833,2.4388400000000003,6.9991,1.24476,0.10004500000000001,9.976569999999999,0.12783699999999998,0.851786,0.100163,1.54849,4.02654,5.21214,0.49527899999999997,0.10000099999999999,0.7152609999999999,8.837589999999999,3.96748,2.9971,1.28957,5.3262599999999996,3.3492599999999997,9.94554,9.99966,0.500722
158,2.0362,0.8699110000000001,0.947348,0.9785379999999999,0.100223,1.6428900000000002,2.60533,0.480001,0.100018,1.3461,9.99998,1.89231,1.3498,3.556,0.49999899999999997,0.332927,0.7873020000000001,3.63985,0.21333000000000002,9.956539999999999,3.26993,0.7424430000000001,3.05344,10.0,0.10017899999999999,9.79188,6.749619999999999,0.1,1.63775,9.990739999999999,2.17842,2.4257299999999997,2.98431,8.52012,0.1,0.321344,2.4377,3.71739,1.45836,0.1,5.29525,2.3877900000000003,9.81552,0.10058500000000001,4.29392
159,2.03622,1.6772799999999999,0.9528780000000001,0.9677520000000001,34.1062,1.79436,2.61396,0.49022200000000005,0.10585399999999999,0.6939810000000001,5.09537,0.932108,8.69305,9.949119999999999,5.57541,0.145453,1.40746,0.18655,0.0288324,0.856157,0.10007100000000001,0.4209,0.629672,3.58111,0.712816,5.96022,9.99821,9.996030000000001,0.808342,0.100887,0.115416,0.10004500000000001,10.0,1.08084,0.562377,0.693186,0.0218974,0.010000299999999998,0.161962,3.1087599999999997,6.09962,0.10096000000000001,9.99976,0.100012,0.16328099999999998
160,2.03648,1.28872,0.940658,0.9421959999999999,12.6067,1.62165,2.61858,0.406271,0.11445699999999999,1.08395,3.10351,0.5048779999999999,3.80073,0.100002,0.601543,6.4362699999999995,2.1177099999999998,0.100095,10.0,9.99996,4.77442,4.763780000000001,9.99977,0.1003,9.24935,9.981530000000001,6.3760900000000005,0.10003200000000001,1.21091,9.9996,4.65816,7.03458,5.10893,5.35491,0.1,0.18859700000000001,9.99992,4.58914,0.39770300000000003,9.89714,8.058769999999999,1.70393,7.117210000000001,9.9883,1.7143700000000002
161,2.03652,1.8600299999999999,0.9516690000000001,0.973867,99.6976,1.89209,2.5947,0.410472,0.100052,1.34727,4.58401,0.344271,6.17506,9.971810000000001,6.02733,1.16657,0.100302,5.50534,0.0112186,4.22907,1.20741,0.313109,0.714291,3.52294,1.61004,0.123662,9.999419999999999,9.9999,3.8525,5.06745,0.476541,2.26456,4.6955,0.22991,0.148155,0.63803,9.99323,1.45466,0.794887,0.130854,3.8739999999999997,1.4870700000000001,9.96115,0.703947,0.363987
162,2.03653,0.8082060000000001,0.9301860000000001,0.9600420000000001,0.100002,1.83055,2.6731,0.41457700000000003,0.194286,1.7647599999999999,9.99382,3.29201,2.34757,1.54358,3.0164400000000002,3.79061,9.99705,4.80815,8.79981,9.99807,5.43832,3.4021199999999996,4.34491,3.92034,0.1,9.98237,6.04756,0.1,2.01395,9.99903,0.754757,1.18239,4.91063,2.53836,1.43116,3.71487,7.138560000000001,1.62669,0.101797,5.33022,3.14709,5.61022,0.100164,0.22272199999999998,3.20509
163,2.0369,2.82972,0.970303,0.969958,5.60135,1.7832599999999998,2.5324,0.451409,0.100018,0.761782,7.91745,0.7116979999999999,0.162796,0.109395,0.242619,0.252717,1.8395299999999999,0.100047,0.0100056,9.886519999999999,1.61099,0.299578,0.345041,1.7024099999999998,2.10973,8.43622,8.78445,10.0,1.28063,1.6567,1.68895,5.86667,3.4662900000000003,4.43318,0.100035,0.173022,2.5775900000000003,3.9785199999999996,4.21197,9.49416,8.262789999999999,0.10055399999999999,10.0,8.68933,4.74536
164,2.03697,1.96763,0.943682,0.988734,99.3069,1.8092,2.57795,0.464951,0.100005,0.8081520000000001,5.66292,0.690703,3.07421,0.193501,2.7926900000000003,9.46027,0.10725699999999999,2.04584,0.0521294,1.26338,0.604488,0.1,1.0658,9.99996,2.4195599999999997,1.13656,9.99985,9.999789999999999,2.0036400000000003,2.2760599999999998,1.59426,0.706735,3.3803199999999998,1.8479900000000002,0.10000099999999999,1.8064099999999998,9.98577,3.7109199999999998,9.33488,5.24996,2.34315,0.22951,2.06575,0.100007,1.6973099999999999
165,2.03789,1.5508600000000001,0.940385,0.966037,0.36639299999999997,1.83507,2.63826,0.476416,0.10776300000000001,0.734997,9.97198,2.0144,0.236724,0.366589,2.0552599999999996,0.136669,0.176334,9.78801,0.011552100000000001,5.55904,1.03254,0.484013,1.25404,8.75864,9.999989999999999,9.95834,8.72742,9.95912,0.851016,0.100762,0.638513,2.69382,4.55104,0.341321,0.1,0.457747,0.493742,0.5597300000000001,4.60384,0.100111,4.716080000000001,0.10135,9.99886,8.62615,5.2301
166,2.0382700000000002,1.6324100000000001,0.9356959999999999,0.9650110000000001,5.6527400000000005,1.9895599999999998,2.61159,0.395124,0.300001,0.409252,9.05256,8.677480000000001,0.484792,0.122853,0.36191999999999996,1.11303,0.48229799999999995,0.241412,1.62432,7.23683,1.1188200000000001,1.1802700000000002,3.14625,2.85531,2.00658,0.181502,10.0,9.997760000000001,4.2493099999999995,4.8406,2.27953,1.0771700000000002,1.34931,7.10957,5.2298599999999995,5.65816,10.0,2.20569,0.1,0.107552,7.172339999999999,2.1508599999999998,7.76237,9.997530000000001,3.1837400000000002
167,2.0383,1.37132,0.9449649999999999,0.9342799999999999,33.9761,1.57549,2.65239,0.412278,0.100333,1.3605,6.388240000000001,0.74671,2.84377,2.9060900000000003,1.13782,0.735273,1.50874,0.100002,9.97102,9.99986,3.2610200000000003,5.17132,9.9999,0.1,1.80365,0.15246700000000002,6.4467,0.1,1.1372799999999998,9.99981,1.13405,1.67612,2.29533,1.51489,0.28741,0.7028300000000001,9.99624,2.54203,0.406885,5.7996300000000005,2.78267,1.0858,9.31253,0.100003,1.46169
168,2.03863,1.2462799999999998,0.9374049999999999,0.9619770000000001,0.24663000000000002,2.0178599999999998,2.68971,0.41698,0.12827,1.71402,9.99957,1.32332,2.2162599999999997,9.4562,0.8516459999999999,0.947807,2.2892200000000003,9.84492,9.92233,9.6866,0.1,1.66936,1.4683899999999999,1.1193,0.100017,0.10001499999999999,9.999989999999999,9.999080000000001,1.3449200000000001,0.384544,0.838879,6.9897100000000005,3.07329,1.7983900000000002,0.1,0.151264,9.999880000000001,9.15163,0.424879,9.975769999999999,3.8102199999999997,2.09655,0.174792,9.87319,5.75985
169,2.03958,1.99105,0.947017,0.971808,97.2468,1.91193,2.58523,0.45838900000000005,0.100005,1.08568,6.13849,0.554359,0.708808,9.99925,1.3558,0.130222,3.86795,2.3782099999999997,0.010358899999999999,6.4297699999999995,2.13455,2.04583,3.81072,6.757039999999999,0.404958,9.9246,10.0,10.0,3.63815,4.98511,1.19939,1.24091,1.35016,1.6072600000000001,0.10000099999999999,0.311902,5.37167,6.14789,4.16395,0.343036,2.99215,1.7957400000000001,0.400958,0.1,4.583080000000001
170,2.0396099999999997,0.760988,0.9464610000000001,0.986401,4.92019,1.7369299999999999,2.6252299999999997,0.396706,0.10000099999999999,10.0,10.0,0.295634,0.7570939999999999,5.0541,3.57643,1.9749599999999998,0.33153699999999997,1.22518,5.331840000000001,9.97768,3.9932,0.203824,0.490109,1.2116200000000001,0.100005,0.100038,6.863510000000001,0.100006,1.86634,10.0,0.327362,3.02153,2.33716,0.818118,0.10025,0.441254,7.123360000000001,1.2600200000000001,0.30747399999999997,9.75272,4.03146,1.37611,7.47537,9.99899,4.28011
171,2.04055,1.14094,0.9485889999999999,0.9757370000000001,0.1,2.0701,2.6305099999999997,0.41176999999999997,0.1,1.40314,9.99731,1.37985,8.21883,0.19332,0.697796,5.03659,9.83297,0.100108,0.016427599999999997,9.94238,0.111881,1.5479,1.4436,0.633306,3.3712800000000005,9.99858,9.99586,10.0,1.1815799999999999,0.10002899999999999,2.20763,0.949674,1.29776,2.17492,0.100131,0.249683,9.95097,4.458069999999999,0.565377,10.0,3.38426,0.6831109999999999,9.61105,5.21989,1.42507
172,2.04117,0.745654,0.9494049999999999,0.9880530000000001,0.10005,1.79393,2.58891,0.393378,0.372719,4.40492,9.99897,2.55918,0.576749,0.356473,2.54687,9.93843,0.100002,3.4611699999999996,0.01,1.4628700000000001,10.0,0.316204,0.31540999999999997,0.10003300000000001,0.10001900000000001,9.99881,5.44452,0.100005,2.08025,9.999989999999999,0.716735,1.75568,6.03454,6.0193,1.6548599999999998,3.61539,9.97631,2.7938099999999997,0.10019,0.159831,2.63695,6.03097,9.9762,1.50108,2.78005
173,2.04127,0.980885,0.941976,0.934233,99.9998,1.66461,2.6267,0.39429899999999996,0.100005,1.5583,9.999830000000001,1.48571,3.75112,0.25871900000000003,1.0563,4.32115,4.006,0.100641,9.91942,9.999189999999999,8.29338,5.059830000000001,9.99982,0.100131,0.100021,0.102237,6.61385,0.100007,1.5322,10.0,2.86409,3.7118599999999997,3.45395,2.21446,0.814673,1.93281,6.39034,1.40011,0.192997,0.100101,3.78332,0.282725,9.83577,0.649338,0.985087
174,2.04156,1.9435799999999999,0.991772,0.9698889999999999,11.3452,1.95461,2.6257099999999998,0.45799700000000004,0.127557,0.254222,7.962910000000001,4.20069,9.18159,10.0,3.30263,0.10500699999999999,0.15679,5.0431099999999995,3.9248,8.76935,1.52693,0.277018,1.5759,9.92106,2.7521,9.54025,9.99996,6.065840000000001,4.3451,9.98046,0.10024,0.354903,5.27949,0.193953,0.1,6.01246,7.22986,0.341478,3.99465,0.11068199999999999,4.29155,0.10000099999999999,9.99998,0.1,1.03403
175,2.04161,0.840183,0.961817,0.986456,0.1,1.6987400000000001,2.55599,0.513025,0.10051,0.741502,10.0,3.56779,3.55055,9.99997,3.7647,2.04497,0.135163,0.106544,9.85998,9.54534,1.0512,0.785166,7.192130000000001,3.4184699999999997,0.10062,10.0,5.54209,0.100244,1.8045,9.99352,1.3443200000000002,1.3307799999999999,1.52819,1.6274,0.1,1.07379,9.92482,7.59054,3.8777,3.7454,6.658180000000001,9.98217,0.100109,7.306139999999999,3.8671300000000004
176,2.04339,1.27512,0.919549,0.969408,0.23176999999999998,1.98332,2.67616,0.490183,0.10069600000000001,1.6329799999999999,7.63823,0.775223,2.63385,9.9111,5.7956900000000005,1.8764,6.19676,0.10141,1.01371,7.106839999999999,8.36841,0.557411,1.1362700000000001,5.41535,0.237734,0.10008500000000001,9.99998,9.99497,1.08775,0.153353,0.584377,0.8260059999999999,2.28766,1.29835,0.10006699999999999,0.613112,4.25274,4.38434,4.55898,1.19834,3.17136,3.09861,7.00696,9.97514,3.6066800000000003
177,2.04785,0.671942,0.937717,0.95595,0.100013,1.8009400000000002,2.6036,0.39605100000000004,0.15329,3.01247,2.60819,0.418735,5.42224,2.28927,6.808960000000001,2.40293,9.94749,0.103907,0.0502323,0.344314,0.113126,0.172079,0.229937,6.971260000000001,0.1,9.99934,5.18553,0.1,2.34558,9.999989999999999,0.775717,1.24289,9.870569999999999,1.06083,2.00609,9.99986,2.55884,0.15398699999999999,0.1,0.100069,1.2088,0.10008600000000001,1.59165,4.62632,0.1
178,2.04788,0.914797,0.9343610000000001,0.9779209999999999,0.10041900000000001,2.06997,2.63666,0.41748999999999997,0.100005,1.50098,9.99925,1.60105,2.55239,0.726575,0.251228,0.1,0.102681,1.2097200000000001,0.0523207,1.00549,0.167266,0.24481399999999998,1.65357,4.83039,0.1,0.1,3.07487,0.10000099999999999,1.2486700000000002,0.100176,0.163388,0.9652059999999999,0.48413900000000004,0.130602,0.1,0.270169,9.999460000000001,5.53506,0.5071260000000001,9.93225,4.86865,4.62717,0.337527,0.647285,7.991410000000001
179,2.04909,0.665478,0.940994,0.971202,0.10002,1.76292,2.6431299999999998,0.41729099999999997,0.100002,9.102260000000001,3.52587,0.12595399999999998,3.7518300000000004,0.8735729999999999,2.2056,1.4611100000000001,0.384903,1.7474299999999998,8.42027,9.98687,0.422781,4.21134,5.3633,0.662032,0.1,9.63585,6.13919,0.100102,2.18378,9.99571,0.24878499999999998,0.132983,4.56581,2.8475099999999998,0.10003200000000001,0.42452,9.99993,3.8951300000000004,0.467905,9.019630000000001,0.848619,0.509965,1.3833600000000001,3.56569,0.514964
180,2.05003,0.869776,0.9495950000000001,0.9700489999999999,0.10000099999999999,2.09544,2.5980000000000003,0.396293,0.1,1.52521,9.99972,1.64622,9.999889999999999,2.15499,1.9857099999999999,6.8431,0.21642600000000004,0.76339,9.7063,9.99737,1.93902,0.261376,0.407139,0.628654,0.1,10.0,5.07301,0.1,1.2962,0.10004400000000001,1.21821,5.0574,4.886419999999999,1.12656,0.360129,0.9195780000000001,9.99997,2.75813,0.237571,0.535404,3.8726300000000005,1.73455,9.97754,0.100128,1.0508899999999999
181,2.05021,0.6928770000000001,0.951926,0.965076,0.1,1.7635900000000002,2.60142,0.483807,0.100006,4.19252,3.3708699999999996,0.25586,0.23101100000000002,0.100345,6.46018,6.51559,9.99997,0.17746900000000002,0.011685700000000002,3.26498,0.280304,2.66919,2.9600400000000002,4.3406199999999995,0.10017100000000001,9.99853,5.55276,0.1,2.1859599999999997,9.99992,0.5762520000000001,1.20505,9.89188,2.15888,0.372246,2.8677200000000003,0.170151,0.01,0.142403,9.96274,10.0,0.695624,0.989489,3.6352900000000004,10.0
182,2.0514799999999997,0.87344,0.9440629999999999,0.970425,0.1,2.08557,2.60333,0.420824,0.1,1.7779900000000002,9.99993,1.39831,5.1009199999999995,0.17079,6.54565,4.78549,0.137199,0.224287,0.0100075,4.84301,0.468291,0.747546,8.83548,6.7039100000000005,0.100004,9.99848,10.0,9.999989999999999,1.38695,0.1,0.586881,2.97136,9.164489999999999,0.10007100000000001,0.100002,0.926444,9.99997,1.43412,0.7811359999999999,3.51025,1.97534,5.90965,2.50268,0.100201,0.766003
183,2.05162,0.8598469999999999,0.9380290000000001,0.9704510000000001,0.100316,2.18587,2.58656,0.40010300000000004,0.100065,1.13636,9.99874,2.2701700000000002,4.66969,9.99981,5.82431,9.99863,0.126545,3.03477,0.267828,9.953510000000001,1.58896,0.702971,1.59286,1.9162700000000001,0.10005499999999999,8.67382,7.2687800000000005,9.99855,1.5393700000000001,0.100336,1.0151299999999999,1.04457,0.680434,1.36716,0.543721,1.7620799999999999,9.87439,2.00573,0.25716300000000003,0.11568800000000001,5.162000000000001,0.10108500000000001,9.96694,0.10206599999999999,3.4429199999999995
184,2.05782,0.606718,0.9430209999999999,0.971399,0.1,1.75882,2.6292400000000002,0.392323,10.0,9.63136,2.0747400000000003,7.308789999999999,8.76485,0.10696800000000001,0.6990890000000001,0.14968900000000002,0.16037200000000001,2.3106299999999997,9.45399,9.99995,0.24763000000000002,4.46088,9.99592,0.10001399999999999,10.0,9.994010000000001,7.088539999999999,0.1,2.3435599999999996,10.0,0.1,0.306494,1.3334700000000002,0.24685100000000001,1.7382,4.80255,10.0,2.64015,0.1,8.2333,6.2872699999999995,1.9021,0.412541,7.27533,1.20688
185,2.05876,1.5028299999999999,0.943148,0.937257,82.1271,1.9637799999999999,2.6217,0.44704799999999995,0.292725,0.47467600000000004,7.32585,6.25327,3.44809,0.14474,1.05756,0.127697,1.3685100000000001,0.1,9.99912,9.994010000000001,4.97397,3.5627,10.0,0.10015399999999999,10.0,9.97746,9.99976,9.999989999999999,0.8601469999999999,0.1,0.7703260000000001,0.266701,2.95494,4.62108,0.100011,0.284294,1.6561400000000002,0.9440719999999999,1.2439,4.5498400000000006,4.21911,0.854667,0.10000099999999999,0.33055,4.87646
186,2.05885,0.600258,0.9428040000000001,0.975736,0.100051,1.746,2.6223,0.3921,0.1,0.010011399999999998,0.26247,0.20330299999999998,1.7831099999999998,2.8597099999999998,1.16826,0.947008,0.12426500000000001,0.15188800000000002,0.0106803,9.99969,3.01462,0.100424,0.507483,1.66304,0.100151,9.99307,7.09842,0.1,2.3437799999999998,10.0,0.21545599999999998,3.31941,1.71228,0.155086,1.83139,9.11787,2.36618,0.161987,0.1,9.6558,9.2775,0.24794499999999997,9.35966,2.62022,1.93772
187,2.05891,0.59977,0.9431290000000001,0.968949,0.1,1.7412400000000001,2.6187400000000003,0.395758,9.98824,0.0100429,0.257185,0.100025,2.22522,0.12886199999999998,0.974526,0.491288,0.377319,0.10041900000000001,9.99623,3.9239599999999997,0.1,2.68392,2.65715,0.16472699999999998,0.100023,9.99545,7.16136,0.1,2.33387,10.0,1.10143,3.28151,2.35034,0.43031099999999994,0.10001900000000001,0.24815,9.99992,4.67761,0.100022,0.105468,3.2996300000000005,1.9154,9.90104,0.100005,0.8209270000000001
188,2.05932,0.6007899999999999,0.9391860000000001,0.986716,0.100004,1.7505400000000002,2.62098,0.416868,7.92137,2.20807,0.30014,0.592952,9.99566,1.58709,4.13765,0.49777,0.10144500000000001,1.57065,1.05014,1.3099,0.312179,0.11413499999999999,0.280204,1.32015,0.10001399999999999,9.94438,7.0112,0.10000099999999999,2.35302,10.0,0.46041000000000004,0.48539799999999994,8.10878,0.890951,0.10000099999999999,1.0803200000000002,2.28843,0.17617,0.310886,9.98981,3.2989699999999997,4.71117,0.622304,2.27412,3.3941199999999996
189,2.06014,0.601021,0.9375889999999999,1.0095100000000001,0.100002,1.72813,2.61648,0.43153199999999997,1.44805,2.39866,0.304066,0.100837,1.11808,2.08482,1.99848,0.6351600000000001,0.105003,0.435738,0.0104177,9.99515,8.2792,0.100141,4.46844,10.0,0.10006799999999999,9.99103,7.24004,0.10000099999999999,2.30183,10.0,0.691814,0.616953,4.89888,4.3836699999999995,0.100073,0.333983,9.99877,8.40766,0.449772,9.99772,0.474409,9.9215,0.5472229999999999,1.30732,9.82448
190,2.06447,0.600198,0.943282,0.9703629999999999,0.100011,1.7450599999999998,2.6211900000000004,0.488195,9.99891,0.0104414,0.257471,0.10002,4.69591,3.7944400000000003,6.45915,0.9145629999999999,0.10054500000000001,0.653309,0.0100476,5.89813,0.100003,0.7098,0.681782,0.139877,0.1,9.99209,7.18602,0.10000099999999999,2.33869,10.0,0.100016,1.19123,8.95716,0.102159,0.184294,8.11311,0.43313199999999996,0.01,0.3812,0.102167,9.91886,0.10004500000000001,0.674296,0.104583,9.94988
191,2.066,0.6018859999999999,0.9193020000000001,0.9687520000000001,0.11277999999999999,1.68373,2.61729,0.49472700000000003,0.1001,0.0101767,0.328303,2.26083,5.37254,5.996580000000001,7.61508,3.14799,0.193219,0.862684,0.430784,9.999419999999999,1.3448,0.7545,6.4664,7.733339999999999,0.102134,9.11012,7.6689,0.100125,2.20732,9.99726,0.270171,0.100047,8.65214,10.0,0.1,1.4322700000000002,9.99775,4.78624,2.45281,0.10000099999999999,1.0664799999999999,6.05374,0.18062999999999999,0.11010199999999999,3.46105
192,2.0727,0.6002529999999999,0.9406190000000001,0.925743,0.100471,1.7417599999999998,2.64031,0.40360300000000005,10.0,0.0102072,0.257668,0.1,0.9554309999999999,9.96836,1.9701,0.867109,4.74595,0.10059,9.993210000000001,10.0,9.665460000000001,5.06084,9.999889999999999,0.1,0.100163,9.96917,7.22956,0.100003,2.33114,9.99951,0.716687,6.64007,4.23416,2.00575,0.10000099999999999,0.24544000000000002,9.999830000000001,6.09952,0.10934400000000001,8.92746,4.45758,2.47683,0.150371,3.10873,4.85076
193,2.08067,0.601562,0.9462229999999999,0.975151,0.100151,2.22143,2.60425,0.414479,9.99967,0.0100391,0.266377,0.100084,0.131217,0.1,3.9946699999999997,0.649167,0.125084,1.06313,1.1116700000000002,9.99757,0.100078,1.47517,1.41315,0.12397999999999999,0.100049,9.99519,9.99997,9.99971,1.9856,0.1,0.92717,1.57433,8.945319999999999,1.24251,0.10000099999999999,1.5192299999999999,2.4618900000000004,0.066883,0.17305399999999999,9.99692,8.38325,3.83711,1.21438,9.49531,1.09562
194,2.0815,0.704203,0.944601,0.937475,0.100784,2.3605,2.5705,0.40119099999999996,0.218969,2.28422,4.307840000000001,1.30025,8.35422,9.99123,9.4418,9.74755,2.11397,0.10000099999999999,10.0,9.999989999999999,5.67424,4.31302,9.99968,0.1,0.100112,9.996210000000001,9.99972,10.0,1.8909900000000002,0.10000099999999999,0.1,0.10000099999999999,1.63381,1.01426,0.9077709999999999,2.17972,9.99996,3.20706,0.10001,9.76318,7.9158100000000005,6.831189999999999,0.10005399999999999,0.15246400000000002,2.56129
195,2.09477,1.36388,0.9443450000000001,0.9656969999999999,17.9154,1.45517,2.59955,0.403019,0.1,0.44663400000000003,3.3868400000000003,0.989922,6.54427,5.1074,3.14974,6.98022,1.0347600000000001,9.97814,0.0543568,8.14397,0.100005,6.8049100000000005,7.461130000000001,2.36863,0.923183,9.97167,6.8358,0.1,1.10227,9.999989999999999,2.01415,0.912017,2.90435,9.999989999999999,4.01245,8.15865,9.9964,5.42631,3.9961599999999997,3.5249300000000003,4.74603,5.4436,0.10494400000000001,9.99884,5.01006
196,2.1067,0.8807389999999999,0.9409790000000001,0.9754229999999999,0.1,1.59469,2.60491,0.425397,0.10026399999999999,1.34905,9.99993,1.6744700000000001,0.48122600000000004,0.100226,2.58679,0.582056,0.25026,0.10363900000000001,0.0397991,5.34115,0.1,1.00053,0.9497389999999999,0.10632,0.10000099999999999,9.999989999999999,9.99995,0.10017999999999999,1.47033,10.0,0.51252,0.972398,4.85006,0.489967,7.2636,4.28338,0.07567689999999999,0.0569456,0.33413899999999996,9.997539999999999,8.317,3.2802800000000003,1.42926,9.99986,2.86726
197,2.1099900000000003,1.1437700000000002,0.9682129999999999,0.963377,0.16001700000000002,1.52655,2.59558,0.40328,0.1,1.44294,9.94627,1.24739,1.56626,9.99903,1.6679599999999999,0.10134800000000001,0.45156499999999994,10.0,0.0577467,9.99657,0.105433,0.635077,0.5916,0.534885,0.164023,0.258916,6.2548900000000005,0.1,1.27119,9.96632,2.22949,3.61312,4.05587,1.6811200000000002,9.999789999999999,2.34117,0.010256200000000002,3.9317,1.28219,6.009580000000001,8.69792,5.1543,0.100008,9.5446,1.05339
198,2.14763,2.36648,0.950084,0.963081,2.32389,1.8689900000000002,2.60653,3.7549,0.10453599999999999,0.9248540000000001,8.58206,0.874175,1.66795,0.14744200000000002,2.71563,9.87917,2.2279299999999997,0.154873,0.649725,3.84556,0.29611,2.0642,2.31923,2.15521,1.2115799999999999,3.63349,5.52268,9.99998,1.48105,0.9427469999999999,3.31335,2.3537,4.55337,2.67689,1.08998,7.45645,0.5281520000000001,4.20386,2.2555400000000003,8.89438,6.631480000000001,2.28683,0.19606500000000002,0.5319699999999999,2.20821
